id,web_name,full_name,team,team_short,pos,price,selected_by_percent,status,chance_next,news,total_points,form,points_per_game,minutes,starts,goals_scored,assists,clean_sheets,goals_conceded,yellow_cards,red_cards,saves,bonus,bps,defensive_contribution,expected_goals,expected_assists,expected_goal_involvements,expected_goals_conceded,influence,creativity,threat,ict_index,ep_this,ep_next,cost_change_event,cost_change_start,transfers_in_event,transfers_out_event,penalties_order,corners_order,freekicks_order
411,Haaland,Erling Haaland,Man City,MCI,FWD,15.6,74.5,a,,,39,5.0,7.8,450,5,5,0,2,5,0,0,0,9,167,20,4.42,0.53,4.95,7.25,184.2,22.5,258.0,46.5,5.0,5.0,0,1,4642,606,1,,
426,B.Fernandes,Bruno Borges Fernandes,Man Utd,MUN,MID,11.9,37.2,a,,,31,1.3,6.2,450,5,3,1,0,8,0,0,0,3,148,29,2.56,1.32,3.88,6.80,187.0,241.7,117.0,54.6,1.3,1.3,0,-1,1649,4812,1,1,1
154,Palmer,Cole Palmer,Chelsea,CHE,MID,9.7,24.4,a,100,,36,5.0,6.0,527,6,2,4,0,13,1,0,0,3,181,39,1.31,0.87,2.18,10.14,151.0,145.3,144.0,44.1,5.0,5.0,0,2,5663,2162,1,,2
12,Saka,Bukayo Saka,Arsenal,ARS,MID,9.6,17.2,a,,,34,4.0,5.7,506,6,3,0,3,5,0,0,0,4,146,39,3.52,1.04,4.56,4.26,155.6,125.6,240.0,52.1,4.0,4.0,0,1,2682,6479,1,2,2
379,Isak,Alexander Isak,Liverpool,LIV,FWD,9.1,16.6,i,0,Thigh injury - Unknown return date,33,3.3,6.6,413,5,4,0,3,4,1,0,0,8,133,7,3.54,0.08,3.62,5.82,146.2,47.5,207.0,40.0,0.0,0.0,0,1,280,35492,2,,
397,Semenyo,Antoine Semenyo,Man City,MCI,MID,8.4,13.5,d,75,Ankle injury - 75% chance of playing,33,6.7,6.6,450,5,2,3,2,5,0,0,0,2,147,22,0.33,1.16,1.49,7.25,155.4,148.1,130.0,43.4,5.0,5.0,0,-1,1732,5044,2,,
627,Barcola,Bradley Barcola,Liverpool,LIV,MID,8.0,2.0,a,,,7,2.0,2.3,168,2,0,0,2,0,0,0,0,0,22,8,0.26,0.13,0.39,1.43,10.8,27.4,31.0,7.0,2.0,2.0,0,0,1633,582,,,
4,Gabriel,Gabriel dos Santos Magalhães,Arsenal,ARS,DEF,8.0,22.4,a,,,27,4.0,4.5,540,6,0,0,3,5,2,0,0,2,97,46,0.51,0.21,0.72,4.71,94.8,22.0,84.0,20.0,4.0,4.0,0,0,767,7042,,,
480,Gibbs-White,Morgan Gibbs-White,Nott'm Forest,NFO,MID,8.0,15.8,a,100,,28,3.3,5.6,450,5,1,2,1,5,0,0,0,6,116,21,1.56,1.42,2.98,4.77,123.4,204.7,78.0,40.6,3.3,3.3,0,0,1754,4253,1,,1
428,Cunha,Matheus Santos Carneiro da Cunha,Man Utd,MUN,MID,7.9,6.0,a,,,26,4.0,5.2,407,5,1,2,1,5,0,0,0,4,95,13,0.63,0.83,1.46,5.44,73.0,111.5,114.0,30.0,4.0,4.0,0,-1,1355,801,,,
427,Mbeumo,Bryan Mbeumo,Man Utd,MUN,MID,7.9,19.9,a,,,25,1.3,5.0,450,5,2,1,0,8,1,0,0,3,110,26,3.07,0.80,3.87,6.80,120.8,164.2,156.0,44.2,1.3,1.3,0,-1,1715,3089,2,2,2
399,Cherki,Rayan Cherki,Man City,MCI,MID,7.8,28.8,a,,,34,3.0,6.8,302,4,3,2,1,4,1,0,0,5,150,12,0.72,1.54,2.26,5.00,165.8,199.0,108.0,47.3,3.0,3.0,0,3,11751,1661,,1,1
40,Rogers,Morgan Rogers,Chelsea,CHE,MID,7.8,42.9,a,,,38,6.3,6.3,520,6,4,1,0,13,1,0,0,2,172,44,1.86,1.37,3.23,10.14,159.0,140.1,140.0,43.9,6.3,6.3,0,3,16436,1067,,4,3
106,Thiago,Igor Thiago Nascimento Rodrigues,Brentford,BRE,FWD,7.8,9.4,a,,,14,3.3,2.3,523,6,1,1,2,6,3,0,0,0,52,24,3.20,0.29,3.49,7.80,48.8,43.6,146.0,23.6,3.3,3.3,0,-2,3044,2689,1,,
55,Watkins,Ollie Watkins,Aston Villa,AVL,FWD,7.8,2.4,u,0,Has joined Al Hilal permanently,0,0.0,0.0,0,0,0,0,0,0,0,0,0,0,0,0,0.00,0.00,0.00,0.00,0.0,0.0,0.0,0.0,0.0,0.0,0,-2,0,366,,,
165,João Pedro,João Pedro Junqueira de Jesus,Chelsea,CHE,FWD,7.7,66.6,a,100,,45,8.0,9.0,431,5,5,3,0,10,1,0,0,9,202,14,2.75,0.21,2.96,7.58,158.4,90.0,123.0,37.0,8.0,8.0,0,2,40299,962,,,
26,Havertz,Kai Havertz,Arsenal,ARS,FWD,7.6,6.7,a,100,,21,1.7,3.5,499,6,2,0,3,5,1,0,0,2,85,13,1.93,0.39,2.32,4.57,89.4,71.3,165.0,32.6,1.3,1.7,0,1,2768,4863,,,
400,Doku,Jérémy Doku,Man City,MCI,MID,7.4,0.7,a,100,,1,0.3,1.0,15,0,0,0,0,0,0,0,0,0,7,2,0.23,0.32,0.55,0.42,3.6,13.8,5.0,2.2,0.3,0.3,0,-1,497,69,3,,
380,Ekitiké,Hugo Ekitiké,Liverpool,LIV,FWD,7.4,0.1,i,0,Achilles injury - Unknown return date,0,0.0,0.0,0,0,0,0,0,0,0,0,0,0,0,0,0.00,0.00,0.00,0.00,0.0,0.0,0.0,0.0,0.0,0.0,0,-1,29,28,,,
78,Kroupi.Jr,Junior Kroupi,Bournemouth,BOU,MID,7.4,0.2,i,0,Foot injury - Expected back 7 Nov,0,0.0,0.0,0,0,0,0,0,0,0,0,0,0,0,0,0.00,0.00,0.00,0.00,0.0,0.0,0.0,0.0,0.0,0.0,0,-1,11,34,1,,
13,Rice,Declan Rice,Arsenal,ARS,MID,7.4,10.7,a,100,,27,4.7,4.5,501,6,0,3,3,5,1,0,0,2,119,52,0.12,0.77,0.89,4.18,120.2,108.4,5.0,23.4,3.5,4.7,0,-1,2356,1466,,1,1
366,Wirtz,Florian Wirtz,Liverpool,LIV,MID,7.3,5.4,a,,,18,3.0,3.6,402,5,0,2,3,4,1,0,0,0,92,36,1.00,0.40,1.40,4.82,65.0,147.3,101.0,31.4,3.0,3.0,0,-2,912,761,4,2,2
367,Gakpo,Cody Gakpo,Liverpool,LIV,MID,7.2,9.3,i,0,Ankle injury - Unknown return date,32,1.3,6.4,370,4,1,3,2,4,0,0,0,5,113,32,0.64,1.71,2.35,5.51,133.4,148.8,70.0,35.2,0.0,0.0,0,2,78,24184,3,3,
25,Gyökeres,Viktor Gyökeres,Arsenal,ARS,FWD,7.1,3.8,a,,,3,0.7,1.0,56,0,0,0,0,0,0,0,0,0,17,5,0.00,0.24,0.24,0.67,0.0,14.7,0.0,1.4,0.7,0.7,0,-4,749,2836,2,,
401,Marmoush,Omar Marmoush,Spurs,TOT,FWD,7.0,2.2,a,,,8,1.3,2.0,339,4,0,0,2,5,0,0,0,0,37,13,0.38,0.15,0.53,3.84,18.0,55.5,58.0,12.9,1.3,1.3,0,0,1966,667,2,8,4
439,Šeško,Benjamin Sesko,Man Utd,MUN,FWD,7.0,1.4,i,0,Shin injury - Expected back 18 Oct,8,0.3,2.0,76,0,1,0,0,3,0,0,0,0,39,5,0.39,0.01,0.40,2.00,34.6,11.9,36.0,8.2,0.0,0.0,0,0,35,1979,,,
155,Enzo,Enzo Fernández,Man City,MCI,MID,6.9,3.8,a,,,13,3.0,3.2,271,3,1,0,2,3,1,0,0,0,73,21,0.35,0.53,0.88,5.35,63.8,72.8,42.0,17.8,3.0,3.0,0,-1,2280,453,,4,3
398,Foden,Phil Foden,Man City,MCI,MID,6.9,1.5,s,0,Suspended until 17 Oct,9,-0.7,2.2,217,3,0,2,0,2,1,1,0,1,52,14,1.61,0.88,2.49,1.91,57.6,122.3,45.0,22.3,0.0,0.0,0,-1,19,754,,2,2
429,Rashford,Marcus Rashford,Man Utd,MUN,MID,6.9,1.3,d,75,Unspecified injury - 75% chance of playing,10,1.3,2.0,351,4,0,0,1,3,0,0,0,0,58,18,0.78,0.43,1.21,4.50,53.4,163.2,157.0,37.3,1.0,1.0,0,-1,72,885,,,3
368,Szoboszlai,Dominik Szoboszlai,Liverpool,LIV,MID,6.9,30.2,a,,,20,1.7,4.0,440,5,1,0,3,4,1,0,0,1,103,41,1.42,0.82,2.24,5.99,108.8,178.0,57.0,34.4,1.7,1.7,0,-1,3396,4579,1,1,1
15,Ødegaard,Martin Ødegaard,Arsenal,ARS,MID,6.8,20.4,a,,,30,2.0,5.0,466,6,2,0,3,5,1,0,0,6,147,29,2.02,1.41,3.43,3.91,121.8,166.9,73.0,36.2,2.0,2.0,0,3,4008,8536,3,,4
452,Bruno G.,Bruno Guimarães Rodriguez Moura,Arsenal,ARS,MID,6.7,1.8,a,100,,18,5.7,4.5,150,1,2,0,0,3,0,0,0,4,74,18,0.19,0.23,0.42,2.20,41.0,6.5,19.0,6.6,5.7,5.7,0,-3,4045,311,4,4,
236,Dewsbury-Hall,Kiernan Dewsbury-Hall,Everton,EVE,MID,6.6,5.5,a,,,20,1.7,4.0,450,5,1,0,3,3,1,0,0,3,110,42,0.99,0.83,1.82,6.74,102.8,160.8,125.0,38.9,1.7,1.7,0,1,562,1894,,2,
238,Grealish,Jack Grealish,Everton,EVE,MID,6.5,0.5,a,100,,6,1.3,1.5,135,1,0,0,1,1,0,0,0,0,36,13,0.02,0.44,0.46,1.67,21.6,71.7,20.0,11.4,1.3,1.3,0,0,214,150,,,
5,J.Timber,Jurriën Timber,Arsenal,ARS,DEF,6.5,0.6,a,100,,2,0.7,0.7,131,1,0,0,0,3,0,0,0,0,0,6,0.00,0.08,0.08,2.20,10.2,4.2,0.0,1.5,0.7,0.7,0,0,422,565,,,
512,Kudus,Mohammed Kudus,Spurs,TOT,MID,6.5,0.2,a,100,,7,1.7,1.8,123,0,0,1,0,3,0,0,0,0,49,14,0.11,0.42,0.53,1.46,37.2,48.7,26.0,11.2,1.7,1.7,0,0,267,39,3,7,6
521,Kulusevski,Dejan Kulusevski,Spurs,TOT,MID,6.5,0.0,i,0,Knee injury - Unknown return date,0,0.0,0.0,0,0,0,0,0,0,0,0,0,0,0,0,0.00,0.00,0.00,0.00,0.0,0.0,0.0,0.0,0.0,0.0,0,0,3,2,,,
377,Munoz,Victor Munoz,Liverpool,LIV,MID,6.5,0.8,a,,,15,0.7,3.0,257,3,1,1,1,2,1,0,0,0,60,16,0.52,0.31,0.83,4.63,56.2,42.4,86.0,18.5,0.7,0.7,0,0,201,248,,,
166,N.Jackson,Nicolas Jackson,Aston Villa,AVL,FWD,6.5,2.0,a,,,19,5.0,3.8,367,5,2,0,1,4,2,0,0,4,88,10,0.97,0.72,1.69,3.93,42.8,36.8,76.0,15.4,5.0,5.0,0,0,4719,451,2,,
156,Neto,Pedro Lomba Neto,Chelsea,CHE,MID,6.5,1.4,a,,,19,3.0,3.2,414,5,1,1,0,9,0,0,0,0,102,34,0.90,0.64,1.54,8.05,82.0,92.6,108.0,28.2,3.0,3.0,0,0,471,302,,2,4
402,Rodrigo,Rodrigo 'Rodri' Hernandez Cascante,Man City,MCI,MID,6.5,0.0,u,0,Has joined Barcelona permanently,0,0.0,0.0,0,0,0,0,0,0,0,0,0,0,0,0,0.00,0.00,0.00,0.00,0.0,0.0,0.0,0.0,0.0,0.0,0,0,0,1,,,
403,Sávio,Sávio Moreira de Oliveira,Spurs,TOT,MID,6.5,0.6,a,100,,8,1.7,2.7,240,3,0,0,2,3,0,0,0,0,66,11,0.41,0.70,1.11,2.76,51.4,130.0,96.0,27.8,1.7,1.7,0,0,472,134,,2,
356,Virgil,Virgil van Dijk,Liverpool,LIV,DEF,6.5,16.0,a,,,25,5.3,5.0,450,5,0,0,3,4,1,0,0,0,96,48,0.25,0.08,0.33,6.12,125.0,22.3,26.0,17.4,5.3,5.3,0,0,1460,1247,,,
481,Anderson,Elliot Anderson,Man City,MCI,MID,6.3,3.8,a,100,,15,2.3,3.0,413,5,0,0,2,5,1,0,0,0,95,54,0.11,0.67,0.78,7.15,87.4,77.1,19.0,18.4,2.3,2.3,0,-2,788,639,,3,
157,Estêvão,Estêvão Almeida de Oliveira Gonçalves,Chelsea,CHE,MID,6.3,0.7,a,,,5,1.0,1.0,24,0,0,0,0,1,0,0,0,0,20,2,0.07,0.07,0.14,1.06,8.6,1.6,38.0,5.0,1.0,1.0,0,-2,181,189,2,5,
515,Maddison,James Maddison,Spurs,TOT,MID,6.3,0.4,a,100,,3,0.7,1.0,59,0,0,0,0,2,0,0,0,0,18,11,0.06,0.04,0.10,1.03,21.8,14.5,19.0,5.6,0.7,0.7,0,-2,70,38,,5,5
18,Martinelli,Gabriel Martinelli Silva,Arsenal,ARS,MID,6.3,0.1,u,0,Has joined Al Hilal permanently,0,0.0,0.0,0,0,0,0,0,0,0,0,0,0,0,0,0.00,0.00,0.00,0.00,0.0,0.0,0.0,0.0,0.0,0.0,0,-2,0,16,,,
223,Mateta,Jean-Philippe Mateta,Crystal Palace,CRY,FWD,6.3,1.2,i,0,Hamstring injury - Expected back 18 Oct,2,0.0,2.0,62,1,0,0,0,2,0,0,0,0,-3,5,0.70,0.02,0.72,0.98,1.4,12.3,11.0,2.5,0.0,0.0,0,-2,8,260,1,,
387,O'Reilly,Nico O'Reilly,Man City,MCI,DEF,6.3,9.6,d,75,Unspecified injury - 75% chance of playing,6,0.7,1.5,163,2,0,0,0,2,0,0,0,0,22,5,0.87,0.43,1.30,2.10,17.8,39.5,33.0,9.0,0.5,0.5,0,-2,59,4427,,,
95,O.Dango,Dango Ouattara,Brentford,BRE,MID,6.3,0.4,a,,,8,1.0,1.3,193,2,0,0,1,2,0,0,0,0,37,30,0.09,0.39,0.48,2.89,25.4,59.3,23.0,10.8,1.0,1.0,0,-2,64,90,,4,
67,Rayan,Rayan Vitor Simplício Rocha,Bournemouth,BOU,MID,6.3,1.5,a,,,12,2.0,2.0,519,6,0,0,0,12,0,0,0,0,53,18,1.14,0.46,1.60,7.43,30.4,50.4,99.0,18.0,2.0,2.0,0,-2,501,357,,,
557,Tzolis,Christos Tzolis,Arsenal,ARS,MID,6.3,7.5,i,0,Hamstring injury - Expected back 24 Oct,16,1.7,3.2,362,5,0,2,2,4,2,0,0,1,81,23,0.19,0.55,0.74,2.73,56.4,115.1,46.0,21.8,0.0,0.0,0,-2,26,18551,,3,
14,Eze,Eberechi Eze,Arsenal,ARS,MID,6.2,1.1,a,,,4,0.7,1.0,85,0,0,0,0,0,0,0,0,0,18,5,0.04,0.09,0.13,1.33,3.0,5.9,9.0,1.6,0.7,0.7,0,-3,228,536,,,3
16,Madueke,Noni Madueke,Arsenal,ARS,MID,6.2,0.2,a,,,4,0.7,1.3,113,1,0,0,0,1,0,0,0,0,31,7,0.22,0.35,0.57,0.83,11.6,43.9,0.0,5.6,0.7,0.7,0,-3,191,48,,5,
208,Sarr,Ismaïla Sarr,Crystal Palace,CRY,MID,6.2,0.6,a,100,,1,0.3,1.0,8,0,0,0,0,0,0,0,0,0,3,0,0.00,0.01,0.01,0.06,0.0,0.5,0.0,0.1,0.3,0.3,0,-3,147,69,2,,
94,Schade,Kevin Schade,Brentford,BRE,MID,6.2,16.1,a,,,40,8.3,6.7,498,6,3,2,2,5,0,0,0,6,142,38,1.93,0.33,2.26,7.56,146.2,48.0,160.0,35.4,8.3,8.3,0,2,17081,2741,2,,
229,Tarkowski,James Tarkowski,Everton,EVE,DEF,6.2,18.2,a,,,43,7.3,8.6,450,5,1,1,3,3,0,0,0,7,138,51,0.18,0.04,0.22,6.94,149.6,25.6,30.0,20.5,7.3,7.3,0,2,4992,1993,,,
260,Wilson,Harry Wilson,Leeds,LEE,MID,6.2,1.4,a,100,,6,0.7,1.2,164,1,0,0,1,1,1,0,0,0,22,11,0.01,0.09,0.10,4.45,19.2,52.4,12.0,8.5,0.5,0.7,0,-3,69,362,,2,2
464,Wissa,Yoane Wissa,Newcastle,NEW,FWD,6.2,19.1,a,,,15,0.7,3.0,441,5,1,1,1,8,2,0,0,2,54,27,2.35,0.06,2.41,7.97,66.6,60.6,106.0,23.3,0.7,0.7,0,2,3344,6046,2,,
453,Barnes,Harvey Barnes,Newcastle,NEW,MID,6.1,8.1,a,,,28,3.7,5.6,450,5,1,3,1,9,0,0,0,3,105,33,0.62,0.48,1.10,9.14,105.2,80.9,96.0,28.2,3.7,3.7,0,1,3128,855,,3,
454,Elanga,Anthony Elanga,Newcastle,NEW,MID,6.1,3.4,i,0,Unspecified injury - Unknown return date,18,0.0,6.0,232,3,2,0,1,3,1,0,0,2,71,9,0.42,0.34,0.76,4.01,82.6,50.6,61.0,19.4,0.0,0.0,0,1,12,4461,,2,
569,Gonzalo,Gonzalo García,Fulham,FUL,FWD,6.1,7.4,a,,,16,2.0,2.7,511,6,1,0,3,7,0,0,0,0,56,20,3.00,0.59,3.59,8.96,53.0,46.8,125.0,22.1,2.0,2.0,0,1,3126,1742,1,,
1,Raya,David Raya Martín,Arsenal,ARS,GKP,6.1,43.7,a,,,33,6.0,5.5,540,6,0,0,3,5,0,0,13,3,122,0,0.00,0.01,0.01,4.71,104.6,0.2,0.0,10.6,6.0,6.0,0,1,2397,1377,,,
69,Scott,Alex Scott,Bournemouth,BOU,MID,6.1,4.3,i,0,Thigh injury - Unknown return date,30,2.0,6.0,446,5,1,2,1,7,1,0,0,5,129,60,0.64,0.42,1.06,6.82,102.8,146.4,56.0,30.5,0.0,0.0,0,1,44,10829,,2,4
68,Tavernier,Marcus Tavernier,Bournemouth,BOU,MID,6.1,7.3,a,,,32,3.7,5.3,496,6,3,0,0,13,3,0,0,8,158,47,1.70,0.96,2.66,7.62,161.8,146.1,147.0,45.5,3.7,3.7,0,1,3318,2017,3,1,1
628,Allan,Allan Andrade Elias,Man City,MCI,MID,6.0,0.0,a,,,0,0.0,0.0,0,0,0,0,0,0,0,0,0,0,0,0,0.00,0.00,0.00,0.00,0.0,0.0,0.0,0.0,0.0,0.0,0,0,9,4,,,
346,Calvert-Lewin,Dominic Calvert-Lewin,Leeds,LEE,FWD,6.0,22.8,a,,,24,4.7,4.0,509,6,2,1,3,4,3,0,0,4,80,26,3.00,0.08,3.08,7.43,104.0,29.6,153.0,28.2,4.7,4.7,0,0,6819,6671,1,,
79,Evanilson,Francisco Evanilson de Lima Barbosa,Bournemouth,BOU,FWD,6.0,3.3,a,,,25,4.7,4.2,509,6,1,3,2,10,1,0,0,1,109,35,1.47,0.64,2.11,7.53,71.4,82.6,99.0,25.2,4.7,4.7,0,0,1770,823,,,
634,Fernandez-Pardo,Matias Fernandez-Pardo,Newcastle,NEW,FWD,6.0,0.1,a,,,4,1.0,1.3,157,2,0,0,0,4,0,0,0,0,16,5,0.05,0.01,0.06,2.94,3.4,12.5,15.0,3.1,1.0,1.0,0,0,99,69,,,
239,Garner,James Garner,Everton,EVE,MID,6.0,0.2,a,100,,11,2.3,2.2,328,4,0,0,2,2,2,0,0,0,71,45,0.20,0.17,0.37,3.45,51.4,68.3,13.0,13.4,2.3,2.3,0,0,123,78,2,1,1
388,Guéhi,Marc Guéhi,Man City,MCI,DEF,6.0,17.9,a,,,30,3.3,6.0,450,5,1,1,2,5,0,0,0,4,114,29,0.95,0.39,1.34,7.25,146.0,56.6,41.0,24.3,3.3,3.3,0,0,1367,1553,,,
631,Mbaye,Ibrahim Mbaye,Aston Villa,AVL,MID,6.0,0.1,a,,,3,1.0,1.0,50,0,0,0,0,4,0,0,0,0,11,4,0.02,0.13,0.15,2.06,9.0,15.2,19.0,4.3,1.0,1.0,0,0,72,67,,,
404,Reijnders,Tijjani Reijnders,Man City,MCI,MID,6.0,0.0,u,0,Has joined Al Qadsiah permanently,0,0.0,0.0,0,0,0,0,0,0,0,0,0,0,0,0,0.00,0.00,0.00,0.00,0.0,0.0,0.0,0.0,0.0,0.0,0,0,0,2,,,
81,Rodríguez,Álvaro Rodríguez,Bournemouth,BOU,FWD,6.0,0.1,a,100,,3,0.7,1.0,23,0,0,0,0,1,0,0,0,0,10,2,0.00,0.03,0.03,0.18,0.0,0.5,0.0,0.1,0.7,0.7,0,0,54,31,,,
335,Stach,Anton Stach,Leeds,LEE,MID,6.0,2.4,a,,,29,3.3,4.8,537,6,1,0,3,4,0,0,0,3,99,68,1.07,0.48,1.55,8.75,116.4,93.3,55.0,26.5,3.3,3.3,0,0,472,552,,1,1
222,Strand Larsen,Jørgen Strand Larsen,Crystal Palace,CRY,FWD,6.0,0.7,a,,,14,3.3,2.8,298,3,1,0,1,5,0,0,0,2,69,13,0.43,0.20,0.63,6.15,62.6,32.5,65.0,16.1,3.3,3.3,0,0,284,227,,,
105,Anthony,Jaidon Anthony,Brentford,BRE,MID,5.9,0.2,a,,,20,5.3,3.3,348,4,1,1,2,5,1,0,0,2,80,33,1.39,0.55,1.94,5.05,65.0,89.3,58.0,21.2,5.3,5.3,0,-1,95,33,,,
41,Buendía,Emiliano Buendía Stati,Aston Villa,AVL,MID,5.9,1.2,a,,,25,6.0,4.2,464,6,1,1,1,9,1,0,0,3,94,44,1.23,0.33,1.56,8.62,66.0,80.5,59.0,19.6,6.0,6.0,0,-1,1011,198,1,2,1
8,Calafiori,Riccardo Calafiori,Arsenal,ARS,DEF,5.9,51.5,a,,,38,5.3,6.3,497,6,1,2,3,5,0,0,0,3,98,22,1.41,0.68,2.09,4.44,71.6,52.7,66.0,19.1,5.3,5.3,0,4,11737,768,,,
594,David,Promise David,Brighton,BHA,FWD,5.9,0.2,a,,,1,0.0,0.5,23,0,0,0,0,0,1,0,0,0,-4,0,0.42,0.00,0.42,0.14,0.0,3.7,4.0,0.4,0.0,0.0,0,-1,126,76,2,,
27,G.Jesus,Gabriel Fernando de Jesus,Arsenal,ARS,FWD,5.9,0.1,u,0,Has joined FC Barcelona permanently,0,0.0,0.0,0,0,0,0,0,0,0,0,0,0,0,0,0.00,0.00,0.00,0.00,0.0,0.0,0.0,0.0,0.0,0.0,0,-1,0,24,,,
618,Goretzka,Leon Goretzka,Aston Villa,AVL,MID,5.9,0.0,i,0,Knee injury - Expected back 17 Oct,0,0.0,0.0,0,0,0,0,0,0,0,0,0,0,0,0,0.00,0.00,0.00,0.00,0.0,0.0,0.0,0.0,0.0,0.0,0,-1,1,7,,,
124,Groß,Pascal Groß,Brighton,BHA,MID,5.9,36.2,a,,,53,12.3,8.8,534,6,3,5,4,5,2,0,0,9,187,34,1.78,1.05,2.83,9.31,211.0,216.0,84.0,50.8,12.3,12.3,0,4,28812,518,1,1,1
123,Hinshelwood,Jack Hinshelwood,Brighton,BHA,MID,5.9,0.5,d,50,Ankle injury - 50% chance of playing,16,0.0,16.0,63,1,2,0,1,0,0,0,0,3,54,3,1.41,0.02,1.43,0.19,72.8,13.4,59.0,14.5,0.0,0.0,0,-1,24,131,,,
457,J.Murphy,Jacob Murphy,Newcastle,NEW,MID,5.9,0.1,a,,,3,0.3,0.6,181,2,0,0,0,5,3,0,0,0,21,18,0.03,0.41,0.44,4.96,13.0,26.9,10.0,4.9,0.3,0.3,0,-1,39,25,,4,
209,Johnson,Brennan Johnson,Everton,EVE,MID,5.9,0.1,a,,,9,2.0,1.8,238,3,0,0,2,1,1,0,0,0,26,26,1.03,0.22,1.25,3.73,23.0,52.8,25.0,10.0,2.0,2.0,0,-1,23,25,,,
70,Kluivert,Justin Kluivert,Bournemouth,BOU,MID,5.9,0.7,i,0,Unspecified injury - Unknown return date,15,2.7,3.8,294,4,1,0,2,3,1,0,0,1,64,22,0.99,0.08,1.07,4.48,62.2,46.5,120.0,22.5,0.0,0.0,0,-1,1,1106,2,3,2
200,Lacroix,Maxence Lacroix,Chelsea,CHE,DEF,5.9,6.6,a,,,15,2.0,2.5,449,5,0,1,0,11,1,0,0,0,41,54,0.15,0.22,0.37,9.34,116.2,13.9,14.0,14.4,2.0,2.0,0,-1,425,1232,,,
53,Manzambi,Johan Manzambi,Aston Villa,AVL,MID,5.9,0.8,a,100,,19,6.3,6.3,179,2,1,2,1,3,0,0,0,2,71,13,0.82,0.35,1.17,2.72,65.8,29.8,60.0,15.6,6.3,6.3,0,-1,966,184,,,
389,Matheus N.,Matheus Nunes,Man City,MCI,DEF,5.9,1.0,a,100,,11,3.3,3.7,213,2,0,0,1,3,0,0,0,1,38,21,0.00,0.06,0.06,4.67,60.0,6.3,4.0,7.0,3.3,3.3,0,-1,147,98,4,,
121,Mitoma,Mitoma Kaoru,Brighton,BHA,MID,5.9,0.0,i,0,Hamstring injury - Expected back 18 Oct,0,0.0,0.0,0,0,0,0,0,0,0,0,0,0,0,0,0.00,0.00,0.00,0.00,0.0,0.0,0.0,0.0,0.0,0.0,0,-1,3,8,,,
527,Richarlison,Richarlison de Andrade,Spurs,TOT,FWD,5.9,0.6,u,0,not included in squad.,2,0.0,2.0,67,1,0,0,0,3,0,0,0,0,6,1,0.00,0.00,0.00,3.02,0.0,2.2,0.0,0.2,0.0,0.0,0,-1,0,180,,,
6,Saliba,William Saliba,Arsenal,ARS,DEF,5.9,0.2,i,0,Back injury - Unknown return date,0,0.0,0.0,0,0,0,0,0,0,0,0,0,0,0,0,0.00,0.00,0.00,0.00,0.0,0.0,0.0,0.0,0.0,0.0,0,-1,17,57,,,
136,Welbeck,Danny Welbeck,Chelsea,CHE,FWD,5.9,0.9,a,100,,5,1.3,1.2,87,1,0,0,0,1,0,0,0,0,18,5,0.00,0.14,0.14,2.04,14.4,32.7,14.0,6.1,1.3,1.3,0,-1,258,1316,,,
463,Woltemade,Nick Woltemade,Newcastle,NEW,FWD,5.9,0.5,u,0,Has joined Juventus on loan for the rest of the season,4,0.0,4.0,19,0,0,1,0,0,0,0,0,0,18,0,0.02,0.01,0.03,0.38,18.2,10.5,11.0,4.0,0.0,0.0,0,-1,0,115,,,
513,Xavi,Xavi Simons,Spurs,TOT,MID,5.9,0.0,i,0,Knee injury - Unknown return date,0,0.0,0.0,0,0,0,0,0,0,0,0,0,0,0,0,0.00,0.00,0.00,0.00,0.0,0.0,0.0,0.0,0.0,0.0,0,-1,3,4,4,,2
415,Dorgu,Patrick Dorgu,Man Utd,MUN,MID,5.8,0.5,i,0,Hamstring injury - Expected back 25 Oct,10,2.7,2.0,171,2,0,1,0,6,1,0,0,0,27,20,0.78,0.09,0.87,3.38,49.2,44.1,72.0,15.6,0.0,0.0,0,-2,2,489,,,
160,Garnacho,Alejandro Garnacho Ferreyra,Aston Villa,AVL,MID,5.8,0.3,a,,,3,0.0,1.0,31,0,0,0,0,0,0,0,0,0,9,2,0.00,0.00,0.00,0.49,1.2,3.6,0.0,0.5,0.0,0.0,0,-2,34,80,,,
158,Gittens,Jamie Bynoe-Gittens,Chelsea,CHE,MID,5.8,0.0,i,0,Ankle injury - Unknown return date,0,0.0,0.0,0,0,0,0,0,0,0,0,0,0,0,0,0.00,0.00,0.00,0.00,0.0,0.0,0.0,0.0,0.0,0.0,0,-2,1,25,,,
371,Gravenberch,Ryan Gravenberch,Liverpool,LIV,MID,5.8,1.0,a,,,9,0.7,1.8,190,2,0,1,0,2,0,0,0,0,51,25,0.10,0.08,0.18,2.02,50.6,42.7,6.0,9.9,0.7,0.7,0,-2,142,192,,,
482,Hudson-Odoi,Callum Hudson-Odoi,Nott'm Forest,NFO,MID,5.8,0.1,a,100,,1,0.0,1.0,1,0,0,0,0,0,0,0,0,0,2,0,0.00,0.00,0.00,0.00,0.0,0.3,0.0,0.0,0.0,0.0,0,-2,22,28,,,4
491,Igor Jesus,Igor Jesus Maciel da Cruz,Nott'm Forest,NFO,FWD,5.8,2.1,i,0,Calf injury - Unknown return date,12,2.7,2.4,257,2,1,0,0,3,1,0,0,2,53,15,1.25,0.08,1.33,2.61,54.8,40.7,100.0,19.6,0.0,0.0,0,-2,16,3964,4,,
122,Minteh,Yankuba Minteh,Brighton,BHA,MID,5.8,0.0,i,0,Leg injury - Expected back 28 Nov,0,0.0,0.0,0,0,0,0,0,0,0,0,0,0,0,0,0.00,0.00,0.00,0.00,0.0,0.0,0.0,0.0,0.0,0.0,0,-2,1,4,,5,
237,Ndiaye,Iliman Ndiaye,Man City,MCI,MID,5.8,6.0,a,,,22,2.0,4.4,385,4,0,2,2,4,0,0,0,1,110,44,0.38,0.58,0.96,9.42,77.8,102.6,80.0,26.1,2.0,2.0,0,-2,606,1482,,,
336,Okafor,Noah Okafor,Leeds,LEE,MID,5.8,0.4,a,,,20,4.7,3.3,369,5,1,0,3,3,0,0,0,1,86,20,0.22,0.28,0.50,3.77,67.0,41.4,40.0,14.8,4.7,4.7,0,-2,318,133,,,
465,Osula,William Osula,Newcastle,NEW,FWD,5.8,0.3,d,50,Foot injury - 50% chance of playing,4,0.0,4.0,55,1,0,1,0,1,0,0,0,0,18,5,0.06,0.14,0.20,1.48,28.2,13.7,8.0,5.0,0.0,0.0,0,-2,29,62,1,,4
498,Senesi,Marcos Senesi Barón,Spurs,TOT,DEF,5.8,3.4,a,,,3,0.0,3.0,90,1,0,0,0,3,0,0,0,0,10,16,0.00,0.02,0.02,3.87,36.6,2.2,0.0,3.9,0.0,0.0,0,-2,129,501,,,
526,Solanke,Dominic Solanke-Mitchell,Spurs,TOT,FWD,5.8,0.8,a,,,7,1.3,1.4,170,2,0,0,1,1,0,0,0,0,21,9,0.56,0.01,0.57,2.57,8.4,17.5,37.0,6.1,1.3,1.3,0,-2,319,142,1,,
43,Tielemans,Youri Tielemans,Man Utd,MUN,MID,5.8,1.4,a,100,,14,2.0,2.8,402,5,0,0,0,8,0,0,0,0,93,43,0.65,0.52,1.17,6.16,87.2,112.6,43.0,24.4,2.0,2.0,0,-2,209,339,3,,
461,Touré,Bazoumana Touré,Newcastle,NEW,MID,5.8,0.1,a,,,8,2.3,2.7,50,0,1,0,0,1,0,0,0,0,29,4,0.28,0.01,0.29,0.76,37.6,5.3,21.0,6.4,2.3,2.3,0,-2,20,29,,,
490,Wood,Chris Wood,Nott'm Forest,NFO,FWD,5.8,0.9,a,,,4,0.7,1.0,62,0,0,0,0,1,0,0,0,0,13,1,0.12,0.01,0.13,0.53,1.2,4.8,3.0,0.7,0.7,0.7,0,-2,237,164,2,,
431,Amad,Amad Diallo,Man Utd,MUN,MID,5.7,0.3,i,0,Unspecified injury - Unknown return date,0,0.0,0.0,0,0,0,0,0,0,0,0,0,0,0,0,0.00,0.00,0.00,0.00,0.0,0.0,0.0,0.0,0.0,0.0,0,-3,39,52,,4,
249,Barry,Thierno Barry,Everton,EVE,FWD,5.7,8.6,a,,,20,2.7,4.0,417,5,2,0,3,3,0,0,0,2,83,17,3.50,0.15,3.65,5.02,85.8,72.0,207.0,36.5,2.7,2.7,0,2,2149,3436,1,,
552,Brobbey,Brian Brobbey,Sunderland,SUN,FWD,5.7,5.7,i,0,Hamstring injury - Expected back 25 Oct,24,6.0,4.8,399,5,3,0,1,9,1,0,0,3,113,11,2.94,0.11,3.05,8.18,108.4,69.0,142.0,31.7,0.0,0.0,0,-3,365,9884,,,
542,E.Le Fée,Enzo Le Fée,Sunderland,SUN,MID,5.7,3.2,a,,,20,2.3,3.3,518,6,1,1,1,10,0,0,0,1,104,25,2.08,1.59,3.67,9.39,88.6,137.3,82.0,31.0,2.3,2.3,0,-3,384,488,2,1,3
525,Fernandes,Mateus Fernandes,Spurs,TOT,MID,5.7,0.7,a,,,7,1.3,1.4,249,3,0,0,1,4,1,0,0,0,50,21,0.19,0.28,0.47,4.43,24.2,92.6,34.0,14.6,1.3,1.3,0,-3,61,130,,4,
391,Gvardiol,Joško Gvardiol,Man City,MCI,DEF,5.7,27.5,a,,,37,5.0,7.4,434,5,1,3,2,5,1,0,0,6,135,31,0.22,0.74,0.96,7.25,144.4,63.5,32.0,24.0,5.0,5.0,0,2,6893,1064,,,
17,Merino,Mikel Merino Zazón,Arsenal,ARS,MID,5.7,0.4,a,,,5,1.0,0.8,82,0,0,0,0,0,1,0,0,0,22,10,0.14,0.15,0.29,0.96,10.0,4.2,16.0,3.0,1.0,1.0,0,-3,108,135,,,
369,Ngumoha,Rio Ngumoha,Liverpool,LIV,MID,5.7,0.4,a,,,4,0.3,1.3,99,1,0,0,0,2,0,0,0,0,13,4,0.15,0.05,0.20,0.68,4.4,8.1,11.0,2.1,0.3,0.3,0,-3,100,98,,,
514,Tel,Mathys Tel,Spurs,TOT,MID,5.7,0.2,a,,,8,0.3,2.0,257,3,0,0,1,4,0,0,0,0,41,13,0.21,0.23,0.44,5.55,21.6,52.7,72.0,14.6,0.3,0.3,0,-3,21,30,,3,3
167,Delap,Liam Delap,Nott'm Forest,NFO,FWD,5.6,2.4,a,,,9,2.0,2.2,277,3,1,0,1,3,2,0,0,0,49,17,0.89,0.35,1.24,2.62,40.0,68.6,71.0,17.9,2.0,2.0,0,1,574,1586,3,,
316,Emersonn,Emersonn Correia da Silva,Ipswich Town,IPS,FWD,5.6,4.0,a,100,,28,5.3,4.7,387,6,2,1,0,7,0,0,0,6,118,14,2.05,0.13,2.18,5.89,98.8,50.4,104.0,25.3,5.3,5.3,0,1,1082,1618,2,,
268,King,Josh King,Fulham,FUL,MID,5.6,4.7,a,,,26,2.3,4.3,500,6,2,0,3,7,2,0,0,3,121,30,1.54,0.74,2.28,8.92,111.4,67.2,179.0,35.8,2.3,2.3,0,1,2247,603,,,
138,Kostoulas,Charalampos Kostoulas,Brighton,BHA,FWD,5.6,8.1,a,,,29,7.0,4.8,412,5,2,3,2,5,1,0,0,3,114,34,1.35,0.07,1.42,8.12,95.8,39.1,127.0,26.1,7.0,7.0,0,1,13209,2202,,,
565,M.Sangaré,Mamadou Sangaré,Brentford,BRE,MID,5.6,8.7,a,,,23,1.7,3.8,350,4,0,2,1,4,2,0,0,3,83,56,0.41,0.66,1.07,4.62,76.4,57.8,40.0,17.1,1.7,1.7,0,1,337,3743,,,
350,A.Becker,Alisson Becker,Liverpool,LIV,GKP,5.5,4.2,a,,,27,5.7,5.4,450,5,0,0,3,4,1,0,14,5,96,0,0.00,0.00,0.00,6.12,99.2,0.0,0.0,9.9,5.7,5.7,0,0,713,360,,,
56,Abraham,Tammy Abraham,Aston Villa,AVL,FWD,5.5,0.2,a,100,,4,0.7,1.0,71,0,0,0,0,3,0,0,0,0,13,2,0.00,0.00,0.00,2.69,3.2,6.2,2.0,1.1,0.7,0.7,0,0,138,84,,,
639,Andrés,José María Andrés Baixauli,Brighton,BHA,MID,5.5,0.1,a,,,15,5.0,5.0,193,2,1,1,2,0,0,0,0,0,46,18,0.52,0.13,0.65,2.34,52.2,17.9,39.0,10.9,5.0,5.0,0,0,161,24,,,
652,Azeez,Femi Azeez,Brighton,BHA,MID,5.5,0.0,i,0,Hamstring injury - Expected back 18 Oct,0,0.0,0.0,0,0,0,0,0,0,0,0,0,0,0,0,0.00,0.00,0.00,0.00,0.0,0.0,0.0,0.0,0.0,0.0,0,0,0,4,,,
485,Bakwa,Dilane Bakwa,Nott'm Forest,NFO,MID,5.5,0.0,u,0,Has joined Lille on loan for the rest of the season,0,0.0,0.0,0,0,0,0,0,0,0,0,0,0,0,0,0.00,0.00,0.00,0.00,0.0,0.0,0.0,0.0,0.0,0.0,0,0,0,0,,,
516,Bentancur,Rodrigo Bentancur,Spurs,TOT,MID,5.5,0.2,a,,,15,2.3,3.0,370,4,0,0,2,6,0,0,0,0,69,60,0.02,0.12,0.14,5.59,77.4,39.3,8.0,12.6,2.3,2.3,0,0,55,27,,,
264,Bobb,Oscar Bobb,Fulham,FUL,MID,5.5,0.3,a,,,16,3.0,2.7,418,6,0,0,4,6,0,0,0,0,64,33,1.03,1.18,2.21,6.82,42.0,118.7,77.0,23.8,3.0,3.0,0,0,158,50,,2,
616,Bouaddi,Ayyoub Bouaddi,Man City,MCI,MID,5.5,0.2,a,,,2,0.0,1.0,22,0,0,0,0,0,0,0,0,0,8,6,0.00,0.12,0.12,0.37,13.0,4.8,0.0,1.8,0.0,0.0,0,0,54,78,,,
230,Branthwaite,Jarrad Branthwaite,Everton,EVE,DEF,5.5,2.6,a,,,27,4.7,5.4,450,5,0,0,3,3,0,0,0,0,97,54,0.17,0.02,0.19,6.94,145.4,7.2,73.0,22.5,4.7,4.7,0,0,594,501,,,
373,C.Jones,Curtis Jones,Liverpool,LIV,MID,5.5,0.0,u,0,Has joined Internazionale permanently,0,0.0,0.0,0,0,0,0,0,0,0,0,0,0,0,0,0.00,0.00,0.00,0.00,0.0,0.0,0.0,0.0,0.0,0.0,0,0,0,5,,,
143,Chalobah,Trevoh Chalobah,Chelsea,CHE,DEF,5.5,0.1,u,0,Has joined Como permanently,0,0.0,0.0,0,0,0,0,0,0,0,0,0,0,0,0,0.00,0.00,0.00,0.00,0.0,0.0,0.0,0.0,0.0,0.0,0,0,0,11,,,
384,Donnarumma,Gianluigi Donnarumma,Man City,MCI,GKP,5.5,7.4,a,,,19,3.0,3.8,450,5,0,0,2,5,0,0,14,0,84,0,0.00,0.00,0.00,7.25,112.6,0.0,0.0,11.4,3.0,3.0,0,0,779,695,,,
591,Enciso,Julio Enciso,Ipswich Town,IPS,MID,5.5,0.8,a,100,,17,2.0,2.8,483,6,0,2,0,12,1,0,0,0,98,33,1.33,1.61,2.94,10.07,60.2,75.6,100.0,23.6,2.0,2.0,0,0,84,237,,,
80,Enes Ünal,Enes Ünal,Bournemouth,BOU,FWD,5.5,0.0,u,0,Has joined Getafe permanently,0,0.0,0.0,0,0,0,0,0,0,0,0,0,0,0,0,0.00,0.00,0.00,0.00,0.0,0.0,0.0,0.0,0.0,0.0,0,0,0,4,,,
640,Flemming,Zian Flemming,Ipswich Town,IPS,FWD,5.5,0.1,a,,,7,2.0,1.8,75,0,1,0,0,1,1,0,0,0,37,6,0.64,0.01,0.65,0.63,38.2,12.1,55.0,10.5,2.0,2.0,0,0,75,52,,,
646,Fofana,Malick Fofana,Sunderland,SUN,MID,5.5,0.0,a,,,4,1.0,1.0,110,0,0,0,0,3,0,0,0,0,21,9,0.41,0.02,0.43,3.80,12.4,2.1,44.0,5.8,1.0,1.0,0,0,22,11,,,
23,Fábio Vieira,Fábio Ferreira Vieira,Arsenal,ARS,MID,5.5,0.0,u,0,Has joined Hamburger SV permanently,0,0.0,0.0,0,0,0,0,0,0,0,0,0,0,0,0,0.00,0.00,0.00,0.00,0.0,0.0,0.0,0.0,0.0,0.0,0,0,0,0,,,
655,Gboho,Yann Gboho,Coventry City,COV,MID,5.5,0.0,a,,,0,0.0,0.0,0,0,0,0,0,0,0,0,0,0,0,0,0.00,0.00,0.00,0.00,0.0,0.0,0.0,0.0,0.0,0.0,0,0,3,0,,,
242,George,Tyrique George,Everton,EVE,MID,5.5,0.8,a,,,19,1.3,3.8,309,4,1,0,2,3,0,0,0,3,77,18,0.35,0.32,0.67,3.71,64.0,86.2,75.0,22.5,1.3,1.3,0,0,101,365,,,
54,Gomes,Joao Gomes,Aston Villa,AVL,MID,5.5,0.0,a,100,,4,2.0,1.3,210,3,0,0,0,8,0,1,0,0,29,25,0.00,0.04,0.04,5.32,23.6,24.8,0.0,4.8,2.0,2.0,0,0,19,11,,,
60,Hill,James Hill,Bournemouth,BOU,DEF,5.5,0.8,a,,,12,2.0,2.0,535,6,0,0,0,13,1,0,0,0,36,58,0.00,0.81,0.81,8.03,119.6,69.3,6.0,19.5,2.0,2.0,0,0,178,159,,,
553,Isidor,Wilson Isidor,Sunderland,SUN,FWD,5.5,1.3,a,,,17,1.3,2.8,201,1,1,1,0,4,0,0,0,3,58,8,1.67,0.01,1.68,4.71,30.8,1.0,35.0,6.7,1.3,1.3,0,0,463,285,,,
459,L.Miley,Lewis Miley,Newcastle,NEW,MID,5.5,0.1,d,75,Unspecified injury - 75% chance of playing,12,1.3,2.4,396,5,0,0,1,8,1,0,0,0,68,52,0.05,0.14,0.19,7.95,58.4,57.3,5.0,12.0,1.0,1.0,0,0,2,40,,5,
86,Lewis-Potter,Keane Lewis-Potter,Brentford,BRE,MID,5.5,1.6,a,,,24,2.0,4.0,472,6,1,1,2,5,0,0,0,3,92,43,1.24,0.83,2.07,7.17,113.6,109.3,73.0,29.5,2.0,2.0,0,0,144,464,,5,1
432,Mainoo,Kobbie Mainoo,Man Utd,MUN,MID,5.5,1.5,d,75,Unspecified injury - 75% chance of playing,22,2.7,4.4,354,4,0,1,0,4,0,0,0,2,102,56,0.30,0.52,0.82,4.77,83.2,88.8,21.0,19.3,2.0,2.0,0,0,168,927,,,
486,McAtee,James McAtee,Nott'm Forest,NFO,MID,5.5,0.1,a,,,12,1.7,2.4,416,5,0,0,2,4,2,0,0,0,91,39,0.37,0.96,1.33,4.55,62.4,174.8,38.0,27.6,1.7,1.7,0,0,14,39,,1,
295,McBurnie,Oli McBurnie,Hull City,HUL,FWD,5.5,1.9,a,,,13,1.7,2.6,441,5,0,2,3,4,3,0,0,0,52,21,1.23,0.13,1.36,7.21,47.2,69.1,114.0,23.0,1.7,1.7,0,0,546,512,1,,
472,Murillo,Murillo Costa dos Santos,Nott'm Forest,NFO,DEF,5.5,2.2,a,100,,23,3.3,4.6,449,5,0,1,1,5,1,0,0,0,76,53,0.42,0.37,0.79,4.77,124.2,62.6,27.0,21.4,3.3,3.3,0,0,259,430,,,2
405,N.Gonzalez,Nico González Iglesias,Newcastle,NEW,MID,5.5,0.2,a,100,,5,0.3,1.7,164,3,0,0,1,2,1,0,0,0,23,12,0.00,0.21,0.21,2.34,13.4,42.0,2.0,5.8,0.3,0.3,0,0,63,28,,,
483,Ndoye,Dan Ndoye,Nott'm Forest,NFO,MID,5.5,0.6,a,,,15,0.7,3.0,316,5,1,0,1,3,1,0,0,2,44,20,1.25,0.93,2.18,3.84,39.0,63.6,90.0,19.0,0.7,0.7,0,0,40,251,,,
24,Nelson,Reiss Nelson,Arsenal,ARS,MID,5.5,0.0,u,0,has departed the club as a free agent.,0,0.0,0.0,0,0,0,0,0,0,0,0,0,0,0,0,0.00,0.00,0.00,0.00,0.0,0.0,0.0,0.0,0.0,0.0,0,0,0,0,,,
224,Nketiah,Eddie Nketiah,Crystal Palace,CRY,FWD,5.5,0.5,a,100,,8,0.3,2.0,175,3,0,1,0,7,0,0,0,0,38,12,1.10,0.60,1.70,4.51,34.2,46.4,50.0,13.0,0.3,0.3,0,0,86,110,,,
517,Odobert,Wilson Odobert,Spurs,TOT,MID,5.5,0.0,i,0,Knee injury - Unknown return date,0,0.0,0.0,0,0,0,0,0,0,0,0,0,0,0,0,0.00,0.00,0.00,0.00,0.0,0.0,0.0,0.0,0.0,0.0,0,0,0,0,,,
647,Osorio,Darío Osorio,Crystal Palace,CRY,MID,5.5,0.0,a,,,1,0.0,1.0,1,0,0,0,0,0,0,0,0,0,2,1,0.00,0.00,0.00,0.13,2.0,0.3,0.0,0.2,0.0,0.0,0,0,0,3,,,
226,Pickford,Jordan Pickford,Everton,EVE,GKP,5.5,9.1,a,,,25,4.7,5.0,450,5,0,0,3,3,0,0,15,1,121,0,0.00,0.02,0.02,6.94,119.2,0.0,0.0,12.0,4.7,4.7,0,0,497,895,,,
390,Rúben,Rúben dos Santos Gato Alves Dias,Man City,MCI,DEF,5.5,1.9,a,,,17,2.3,3.4,450,5,0,0,2,5,0,0,0,0,72,26,0.29,0.74,1.03,7.25,94.2,47.3,46.0,18.7,2.3,2.3,0,0,285,227,,,
642,Thomas,Sorba Thomas,Hull City,HUL,MID,5.5,0.0,a,,,4,1.0,1.3,119,1,0,0,0,3,0,0,0,0,13,8,0.21,0.11,0.32,2.04,8.8,40.9,12.0,5.8,1.0,1.0,0,0,18,13,,,
544,Xhaka,Granit Xhaka,Sunderland,SUN,MID,5.5,3.5,a,,,23,1.7,3.8,534,6,0,1,1,11,2,0,0,5,130,60,0.14,1.39,1.53,9.59,93.6,191.1,3.0,28.8,1.7,1.7,0,0,329,926,,2,2
211,Yeremy,Yéremy Pino Santos,Crystal Palace,CRY,MID,5.5,0.3,a,,,14,1.0,2.8,307,4,0,2,1,6,1,0,0,0,70,26,0.52,0.55,1.07,6.93,30.2,94.1,33.0,15.8,1.0,1.0,0,0,27,91,,1,1
338,Ampadu,Ethan Ampadu,Leeds,LEE,MID,5.4,0.9,a,,,22,4.3,3.7,540,6,0,1,2,5,1,0,0,0,99,66,0.09,0.29,0.38,9.04,88.6,67.1,5.0,16.1,4.3,4.3,0,-1,190,162,,,
579,Araujo,Ronald Araujo,Liverpool,LIV,DEF,5.4,3.1,a,,,22,4.3,4.4,284,3,0,0,3,0,1,0,0,1,81,24,0.00,0.06,0.06,2.75,60.8,10.5,6.0,7.7,4.3,4.3,0,-1,985,385,,,
492,Awoniyi,Taiwo Awoniyi,Coventry City,COV,FWD,5.4,0.3,s,0,Suspended until 19 Oct,3,-0.7,0.8,232,3,0,0,0,7,0,1,0,0,11,11,1.30,0.04,1.34,3.55,13.6,46.2,78.0,13.6,0.0,0.0,0,-1,5,201,5,,
129,Ayari,Yasin Ayari,Brighton,BHA,MID,5.4,0.4,a,100,,18,4.7,3.6,417,5,1,0,4,1,1,0,0,0,76,23,0.79,0.19,0.98,6.28,56.0,48.9,68.0,16.9,4.7,4.7,0,-1,173,72,,4,2
44,Bailey,Leon Bailey,Aston Villa,AVL,MID,5.4,0.0,u,0,Has joined Olympiakos permanently,0,0.0,0.0,0,0,0,0,0,0,0,0,0,0,0,0,0.00,0.00,0.00,0.00,0.0,0.0,0.0,0.0,0.0,0.0,0,-1,0,14,,,
568,Barco,Valentín Barco,Chelsea,CHE,MID,5.4,0.1,a,,,3,0.7,1.0,115,1,0,0,0,3,1,0,0,0,29,12,0.07,0.11,0.18,2.83,12.8,7.2,11.0,3.0,0.7,0.7,0,-1,9,24,,,
248,Beto,Norberto Bercique Gomes Betuncal,Everton,EVE,FWD,5.4,0.5,u,0,Has joined Fiorentina permanently,2,0.0,1.0,31,0,0,0,0,0,0,0,0,0,5,1,0.09,0.00,0.09,1.92,3.0,0.3,5.0,0.8,0.0,0.0,0,-1,0,241,,,
84,Collins,Nathan Collins,Brentford,BRE,DEF,5.4,0.9,i,0,Calf injury - Unknown return date,10,0.0,3.3,196,3,0,0,1,1,1,0,0,0,39,17,0.51,0.05,0.56,2.13,40.6,22.4,51.0,11.4,0.0,0.0,0,-1,2,352,,,
96,Damsgaard,Mikkel Damsgaard,Brentford,BRE,MID,5.4,0.4,d,75,Unspecified injury - 75% chance of playing,16,1.3,3.2,283,3,0,1,2,1,0,0,0,3,74,31,0.17,0.73,0.90,3.06,47.4,118.2,42.0,20.7,1.0,1.0,0,-1,5,207,,2,3
581,Diomande,Ousmane Diomande,Nott'm Forest,NFO,DEF,5.4,0.5,a,,,7,2.0,2.3,163,2,0,0,0,2,0,0,0,0,17,19,0.16,0.01,0.17,1.45,32.4,1.0,19.0,5.2,2.0,2.0,0,-1,61,92,,,
383,Elliott,Harvey Elliott,Liverpool,LIV,MID,5.4,0.0,u,0,Has joined Valencia on loan for the rest of the season,0,0.0,0.0,0,0,0,0,0,0,0,0,0,0,0,0,0.00,0.00,0.00,0.00,0.0,0.0,0.0,0.0,0.0,0.0,0,-1,0,6,,,
315,Fatawu,Abdul Fatawu,Ipswich Town,IPS,MID,5.4,0.1,s,0,Suspended until 17 Oct,8,0.0,1.6,352,5,0,1,0,10,2,1,0,0,71,28,0.17,1.11,1.28,7.79,64.8,133.7,41.0,24.0,0.0,0.0,0,-1,0,80,,2,
42,Guessand,Evann Guessand,Crystal Palace,CRY,MID,5.4,0.0,a,,,2,0.0,1.0,54,0,0,0,0,1,0,0,0,0,6,2,0.03,0.03,0.06,0.34,5.4,2.1,7.0,1.5,0.0,0.0,0,-1,3,7,,,
247,Hackney,Hayden Hackney,Everton,EVE,MID,5.4,0.2,a,100,,10,0.7,2.0,137,1,0,1,1,1,0,0,0,0,39,12,0.05,0.13,0.18,3.91,40.4,50.0,21.0,11.1,0.7,0.7,0,-1,5,23,,3,
484,Hutchinson,Omari Hutchinson,Nott'm Forest,NFO,MID,5.4,0.1,u,0,Has joined AC Milan on loan for the rest of the season,0,0.0,0.0,0,0,0,0,0,0,0,0,0,0,0,0,0.00,0.00,0.00,0.00,0.0,0.0,0.0,0.0,0.0,0.0,0,-1,0,13,,,
261,Iwobi,Alex Iwobi,Fulham,FUL,MID,5.4,0.7,a,,,17,3.7,2.8,494,6,0,0,3,7,0,0,0,2,118,40,0.39,1.41,1.80,8.83,60.6,167.5,49.0,27.7,3.7,3.7,0,-1,261,102,3,1,1
97,Jensen,Mathias Jensen,Brentford,BRE,MID,5.4,0.1,a,100,,7,0.3,3.5,80,1,0,1,1,1,0,0,0,0,28,5,0.08,0.46,0.54,0.55,12.6,46.2,13.0,7.2,0.0,0.3,0,-1,2,16,3,1,2
458,Joelinton,Joelinton Cássio Apolinário de Lira,Newcastle,NEW,MID,5.4,0.0,d,75,Unspecified injury - 75% chance of playing,0,0.0,0.0,0,0,0,0,0,0,0,0,0,0,0,0,0.00,0.00,0.00,0.00,0.0,0.0,0.0,0.0,0.0,0.0,0,-1,3,3,,,
493,Kalimuendo,Arnaud Kalimuendo,Nott'm Forest,NFO,FWD,5.4,0.0,a,,,1,0.0,1.0,1,0,0,0,0,0,0,0,0,0,3,0,0.00,0.00,0.00,0.00,0.0,0.0,0.0,0.0,0.0,0.0,0,-1,20,14,,,
393,Khusanov,Abdukodir Khusanov,Man City,MCI,DEF,5.4,1.3,a,,,9,0.0,3.0,268,3,0,0,1,2,1,0,0,0,53,17,0.00,0.06,0.06,2.68,51.6,12.6,4.0,6.8,0.0,0.0,0,-1,84,224,,,
7,Lewis-Skelly,Myles Lewis-Skelly,Arsenal,ARS,MID,5.4,0.6,a,,,11,1.0,2.2,333,5,0,0,2,2,0,0,0,0,52,18,0.18,0.35,0.53,1.68,21.6,40.2,16.0,7.0,1.0,1.0,0,-1,148,156,,,
372,Mac Allister,Alexis Mac Allister,Liverpool,LIV,MID,5.4,1.3,a,,,11,2.0,2.2,306,3,0,0,2,2,1,0,0,0,59,41,0.10,0.49,0.59,4.85,58.2,50.8,26.0,13.5,2.0,2.0,0,-1,253,197,5,,
582,Madjo,Brian Madjo,Aston Villa,AVL,FWD,5.4,0.2,d,75,Unspecified injury - 75% chance of playing,0,0.0,0.0,0,0,0,0,0,0,0,0,0,0,0,0,0.00,0.00,0.00,0.00,0.0,0.0,0.0,0.0,0.0,0.0,0,-1,46,44,,,
45,McGinn,John McGinn,Aston Villa,AVL,MID,5.4,2.2,a,,,26,7.0,4.3,515,6,1,2,2,9,2,0,0,3,97,36,1.38,0.31,1.69,9.47,52.4,84.9,15.0,14.8,7.0,7.0,0,-1,530,384,,1,
471,Milenković,Nikola Milenković,Nott'm Forest,NFO,DEF,5.4,0.9,i,0,Knee injury - Unknown return date,12,0.0,4.0,270,3,0,0,1,3,1,0,0,0,34,31,0.11,0.03,0.14,3.28,53.2,1.4,16.0,7.0,0.0,0.0,0,-1,2,461,,,
430,Mount,Mason Mount,Man Utd,MUN,MID,5.4,0.0,a,100,,1,0.3,1.0,10,0,0,0,0,0,0,0,0,0,3,1,0.09,0.01,0.10,0.00,0.6,1.1,5.0,0.7,0.3,0.3,0,-1,14,13,,,4
533,Mukiele,Nordi Mukiele,Sunderland,SUN,DEF,5.4,1.8,a,100,,15,0.7,3.0,444,5,0,0,1,9,1,0,0,1,61,56,0.81,0.31,1.12,7.79,115.6,48.4,59.0,22.3,0.7,0.7,0,-1,169,335,,,
271,Muniz,Rodrigo Muniz Carvalho,Fulham,FUL,FWD,5.4,0.4,a,,,4,0.7,0.8,48,0,0,0,0,1,1,0,0,0,17,3,0.40,0.00,0.40,0.89,11.4,22.2,36.0,7.0,0.7,0.7,0,-1,137,85,,,
201,Muñoz,Daniel Muñoz Mejía,Nott'm Forest,NFO,DEF,5.4,5.5,a,,,5,1.3,1.2,257,3,0,0,0,4,0,0,0,0,29,15,0.60,0.21,0.81,2.59,39.2,62.3,79.0,18.1,1.3,1.3,0,-1,203,1205,,,
347,Nmecha,Lukas Nmecha,Leeds,LEE,FWD,5.4,0.4,a,,,8,1.0,1.6,75,0,0,1,0,1,0,0,0,0,31,6,0.27,0.15,0.42,3.98,20.4,22.4,15.0,5.7,1.0,1.0,0,-1,123,158,2,,
22,Nwaneri,Ethan Nwaneri,Arsenal,ARS,MID,5.4,0.0,u,0,Has joined Borussia Dortmund on loan for the rest of the season,0,0.0,0.0,0,0,0,0,0,0,0,0,0,0,0,0,0.00,0.00,0.00,0.00,0.0,0.0,0.0,0.0,0.0,0.0,0,-1,0,1,,,
126,O'Riley,Matt O'Riley,Brighton,BHA,MID,5.4,0.1,a,,,2,0.7,1.0,10,0,0,0,0,0,0,0,0,0,6,3,0.28,0.01,0.29,0.18,8.2,10.5,19.0,3.8,0.7,0.7,0,-1,15,14,3,,
570,Palacios,César Palacios,Fulham,FUL,MID,5.4,0.2,a,,,12,0.3,3.0,226,3,1,0,0,7,1,0,0,1,48,17,0.98,0.03,1.01,5.46,45.4,32.6,62.0,14.0,0.3,0.3,0,-1,18,42,,,
499,Pedro Porro,Pedro Porro Sauceda,Spurs,TOT,DEF,5.4,6.3,i,0,Hamstring injury - Unknown return date,9,0.3,3.0,198,3,0,0,1,2,0,0,0,1,33,9,0.37,0.16,0.53,1.68,22.6,47.6,28.0,9.8,0.0,0.0,0,-1,10,6495,,1,1
318,Philogene,Jaden Philogene,Ipswich Town,IPS,MID,5.4,0.1,a,100,,4,1.3,1.3,114,1,0,0,0,2,0,0,0,0,20,7,0.11,0.03,0.13,2.57,4.8,4.6,13.0,2.2,1.3,1.3,0,-1,1,4,3,5,
61,Truffert,Adrien Truffert,Bournemouth,BOU,DEF,5.4,2.9,a,,,9,1.3,1.5,533,6,0,0,0,13,2,0,0,2,52,53,0.11,0.59,0.70,8.03,104.6,70.5,39.0,21.5,1.3,1.3,0,-1,250,619,,,
137,Tzimas,Stefanos Tzimas,Brighton,BHA,FWD,5.4,0.0,i,0,Knee injury - Unknown return date,0,0.0,0.0,0,0,0,0,0,0,0,0,0,0,0,0,0.00,0.00,0.00,0.00,0.0,0.0,0.0,0.0,0.0,0.0,0,-1,0,1,,,
210,Wharton,Adam Wharton,Crystal Palace,CRY,MID,5.4,0.7,a,100,,12,1.3,2.4,436,5,0,0,1,10,1,0,0,0,77,41,0.15,0.58,0.73,8.91,73.0,97.0,18.0,18.9,1.3,1.3,0,-1,49,132,,2,
10,White,Benjamin White,Arsenal,ARS,DEF,5.4,4.4,a,100,,26,2.0,5.2,377,5,0,2,2,2,0,0,0,3,98,22,0.18,0.57,0.75,1.81,69.6,53.0,29.0,15.2,2.0,2.0,0,-1,570,843,,,
108,Wilson,Callum Wilson,Brentford,BRE,FWD,5.4,0.3,a,,,3,0.0,1.0,13,0,0,0,0,0,0,0,0,0,9,2,0.07,0.04,0.11,0.15,3.2,10.4,12.0,2.6,0.0,0.0,0,-1,85,86,,,
337,Aaronson,Brenden Aaronson,Leeds,LEE,MID,5.3,0.4,a,,,8,1.0,1.3,213,2,0,0,1,3,0,0,0,0,37,18,0.01,0.02,0.03,4.95,11.8,3.7,9.0,2.5,1.0,1.0,0,-2,13,110,,,4
520,Bergvall,Lucas Bergvall,Spurs,TOT,MID,5.3,0.1,a,,,3,0.7,1.0,78,1,0,0,0,2,0,0,0,0,13,13,0.06,0.27,0.33,2.21,11.0,10.8,11.0,2.9,0.7,0.7,0,-2,9,11,,,
159,Caicedo,Moisés Caicedo Corozo,Chelsea,CHE,MID,5.3,1.0,a,100,,3,0.7,1.5,84,1,0,0,0,1,0,0,0,0,23,11,0.01,0.01,0.02,1.48,0.0,0.1,0.0,0.0,0.7,0.7,0,-2,309,89,,,
370,Chiesa,Federico Chiesa,Liverpool,LIV,MID,5.3,0.0,d,25,Back injury - 25% chance of playing,0,0.0,0.0,0,0,0,0,0,0,0,0,0,0,0,0,0.00,0.00,0.00,0.00,0.0,0.0,0.0,0.0,0.0,0.0,0,-2,0,8,,,
313,Clarke,Jack Clarke,Ipswich Town,IPS,MID,5.3,0.2,a,,,12,1.3,2.4,193,2,1,0,0,2,1,0,0,1,56,13,0.34,0.40,0.74,1.97,52.0,55.4,45.0,15.2,1.3,1.3,0,-2,12,37,1,4,3
543,Diarra,Habib Diarra,Sunderland,SUN,MID,5.3,0.0,i,0,Hamstring injury - Expected back 18 Oct,5,0.0,2.5,28,0,0,1,0,1,0,0,0,0,18,0,0.03,0.16,0.19,0.12,15.6,10.9,2.0,2.9,0.0,0.0,0,-2,1,2,1,,
245,Dibling,Tyler Dibling,Everton,EVE,MID,5.3,0.0,a,,,1,0.3,1.0,24,0,0,0,0,0,0,0,0,0,10,0,0.17,0.16,0.33,0.38,7.2,24.4,26.0,5.8,0.3,0.3,0,-2,3,5,,,
20,Dowman,Max Dowman,Arsenal,ARS,MID,5.3,0.1,a,100,,1,0.3,1.0,9,0,0,0,0,0,0,0,0,0,4,0,0.00,0.08,0.08,0.31,2.0,14.8,0.0,1.7,0.3,0.3,0,-2,18,33,,,
357,Frimpong,Jeremie Frimpong,Liverpool,LIV,DEF,5.3,1.7,a,,,2,0.3,0.7,178,2,0,0,0,4,1,0,0,0,24,12,0.01,0.23,0.24,3.91,39.4,76.5,16.0,13.2,0.3,0.3,0,-2,106,329,,,
519,Gallagher,Conor Gallagher,Spurs,TOT,MID,5.3,0.2,a,,,9,2.0,3.0,134,2,1,0,1,2,1,0,0,0,48,18,0.37,0.12,0.49,2.65,48.6,12.2,36.0,9.6,2.0,2.0,0,-2,49,23,,,
125,Georginio,Georginio Rutter,Brighton,BHA,FWD,5.3,0.4,a,100,,6,0.3,3.0,104,1,0,1,1,0,0,0,0,0,24,9,0.17,0.45,0.62,1.03,20.2,11.7,19.0,5.1,0.3,0.3,0,-2,156,140,,,
449,Hall,Lewis Hall,Newcastle,NEW,DEF,5.3,20.8,a,,,31,4.3,6.2,449,5,1,1,1,9,0,0,0,6,127,46,0.25,0.79,1.04,9.12,175.6,89.0,38.0,30.2,4.3,4.3,0,3,4363,1257,,1,1
584,Hamer,Gustavo Hamer,Coventry City,COV,MID,5.3,0.1,a,,,3,0.0,1.0,32,0,0,0,0,1,0,0,0,0,6,3,0.00,0.02,0.02,0.82,0.6,1.8,0.0,0.3,0.0,0.0,0,-2,1,3,,4,
142,James,Reece James,Chelsea,CHE,DEF,5.3,5.4,d,75,Unspecified injury - 75% chance of playing,3,0.3,0.8,292,3,0,0,0,7,1,0,0,0,24,13,0.33,0.26,0.59,4.90,56.2,42.6,49.0,14.8,0.3,0.2,0,-2,191,2771,,1,1
358,Kerkez,Milos Kerkez,Liverpool,LIV,DEF,5.3,2.1,a,,,13,2.3,2.6,385,4,0,0,2,4,2,0,0,0,63,30,0.07,0.08,0.15,5.65,75.4,47.3,14.0,13.7,2.3,2.3,0,-2,124,272,,,
263,Kevin,Kevin Santos Lopes de Macedo,Fulham,FUL,MID,5.3,0.0,a,,,5,1.0,1.0,71,0,0,0,0,1,0,0,0,0,17,9,0.07,0.12,0.19,1.27,10.6,6.8,18.0,3.5,1.0,1.0,0,-2,13,17,,4,
406,Kovačić,Mateo Kovačić,Man City,MCI,MID,5.3,0.1,a,,,2,0.0,1.0,42,0,0,0,0,0,0,0,0,0,12,2,0.00,0.02,0.02,0.10,4.2,5.2,0.0,0.9,0.0,0.0,0,-2,8,12,,,
562,Maeda,Daizen Maeda,Ipswich Town,IPS,MID,5.3,0.2,a,,,10,1.3,1.7,339,4,0,0,0,9,0,0,0,0,42,24,0.71,0.04,0.75,7.65,31.0,5.5,47.0,8.1,1.3,1.3,0,-2,4,35,,,
186,Mason-Clark,Ephron Mason-Clark,Coventry City,COV,MID,5.3,0.1,a,100,,5,0.7,1.2,231,4,0,0,0,3,0,0,0,0,19,15,0.51,0.12,0.63,3.16,15.4,51.6,52.0,11.7,0.7,0.7,0,-2,3,6,,,
241,McNeil,Dwight McNeil,Crystal Palace,CRY,MID,5.3,0.1,a,,,3,0.0,1.5,84,1,0,0,0,3,0,0,0,0,13,7,0.05,0.02,0.07,1.18,10.0,5.0,2.0,1.7,0.0,0.0,0,-2,3,13,,,
11,Mosquera,Cristhian Mosquera,Arsenal,ARS,DEF,5.3,1.6,a,100,,12,0.0,6.0,168,2,0,0,2,0,0,0,0,0,52,10,0.00,0.01,0.01,0.53,24.6,2.0,0.0,2.7,0.0,0.0,0,-2,48,835,,,
578,Mudryk,Mykhailo Mudryk,Spurs,TOT,MID,5.3,0.0,i,0,Ankle injury - Unknown return date,1,0.0,1.0,16,0,0,0,0,0,0,0,0,0,3,0,0.00,0.00,0.00,0.16,0.0,0.1,2.0,0.1,0.0,0.0,0,-2,1,9,,,
152,Palestra,Marco Palestra,Chelsea,CHE,DEF,5.3,0.6,a,100,,1,0.3,1.0,13,0,0,0,0,0,0,0,0,0,3,0,0.00,0.00,0.00,0.05,0.0,0.0,0.0,0.0,0.3,0.3,0,-2,79,98,,,
164,Quenda,Geovany Quenda,Chelsea,CHE,MID,5.3,0.0,a,100,,2,0.3,1.0,27,0,0,0,0,2,0,0,0,0,5,1,0.03,0.01,0.04,1.29,1.6,2.1,8.0,1.2,0.3,0.3,0,-2,2,10,,,
262,Smith Rowe,Emile Smith Rowe,Fulham,FUL,MID,5.3,0.2,a,,,3,0.3,1.0,38,0,0,0,0,0,0,0,0,0,11,3,0.06,0.02,0.08,0.87,6.6,23.8,9.0,4.0,0.3,0.3,0,-2,17,52,,,
549,Talbi,Chemsdine Talbi,Sunderland,SUN,MID,5.3,0.1,a,,,1,0.0,1.0,31,0,0,0,0,1,0,0,0,0,1,2,0.00,0.00,0.00,0.14,0.0,0.9,0.0,0.0,0.0,0.0,0,-2,5,13,,,
190,Tchaouna,Loum Tchaouna,Coventry City,COV,MID,5.3,0.1,a,,,5,0.3,1.2,211,2,0,0,0,3,0,0,0,0,32,18,0.23,0.18,0.41,3.23,25.4,50.5,46.0,12.3,0.3,0.3,0,-2,2,16,,3,
455,Tonali,Sandro Tonali,Spurs,TOT,MID,5.3,1.7,a,100,,14,1.7,2.8,427,5,0,0,2,8,0,0,0,0,86,42,0.24,0.61,0.85,7.72,63.0,89.0,28.0,18.0,1.7,1.7,0,-2,190,373,,,
188,Torp,Victor Torp,Coventry City,COV,MID,5.3,0.1,a,,,3,0.3,1.0,53,0,0,0,0,2,0,0,0,0,13,3,0.00,0.12,0.12,1.22,7.2,20.4,0.0,2.7,0.3,0.3,0,-2,2,13,2,2,2
193,Wright,Haji Wright,Coventry City,COV,FWD,5.3,0.1,i,0,Thigh injury - Unknown return date,0,0.0,0.0,0,0,0,0,0,0,0,0,0,0,0,0,0.00,0.00,0.00,0.00,0.0,0.0,0.0,0.0,0.0,0.0,0,-2,2,19,1,,
440,Zirkzee,Joshua Zirkzee,Man Utd,MUN,FWD,5.3,0.4,a,,,2,0.7,1.0,20,0,0,0,0,0,0,0,0,0,8,4,0.00,0.01,0.01,0.02,7.6,14.9,0.0,2.2,0.7,0.7,0,-2,163,113,,,
19,Zubimendi,Martín Zubimendi Ibáñez,Arsenal,ARS,MID,5.3,0.6,a,,,5,0.7,1.0,89,0,0,0,0,0,0,0,0,0,16,12,0.21,0.04,0.25,1.38,13.4,5.0,29.0,4.8,0.7,0.7,0,-2,33,168,,,
392,Aït-Nouri,Rayan Aït-Nouri,Man City,MCI,DEF,5.2,0.4,a,,,0,0.0,0.0,0,0,0,0,0,0,0,0,0,0,0,0,0.00,0.00,0.00,0.00,0.0,0.0,0.0,0.0,0.0,0.0,0,-3,32,68,,,
9,Hincapie,Piero Hincapié,Arsenal,ARS,DEF,5.2,0.9,a,,,3,0.3,1.0,40,0,0,0,0,0,0,0,0,0,10,6,0.00,0.00,0.00,0.28,6.4,1.0,2.0,1.0,0.3,0.3,0,-3,75,249,,,
286,Belloumi,Mohamed Belloumi,Hull City,HUL,MID,5.1,6.1,a,,,31,5.7,6.2,394,5,2,2,3,3,1,0,0,2,111,44,0.72,0.43,1.15,6.44,157.8,67.5,100.0,32.5,5.7,5.7,0,1,3996,880,,2,2
73,Adams,Tyler Adams,Bournemouth,BOU,MID,5.0,0.3,a,100,,13,2.3,2.2,364,4,0,0,0,12,1,0,0,0,59,47,0.03,0.08,0.11,3.82,45.8,32.2,7.0,8.5,2.3,2.3,0,0,89,73,,,
296,Akintola,David Akintola,Hull City,HUL,MID,5.0,0.0,u,0,Has joined Omonoia FC permanently,0,0.0,0.0,0,0,0,0,0,0,0,0,0,0,0,0,0.00,0.00,0.00,0.00,0.0,0.0,0.0,0.0,0.0,0.0,0,0,0,9,,,
320,Akpom,Chuba Akpom,Ipswich Town,IPS,FWD,5.0,1.1,a,,,8,0.7,2.0,93,0,1,0,0,4,0,0,0,0,39,3,1.14,0.00,1.14,4.20,34.6,2.5,24.0,6.1,0.7,0.7,0,0,193,375,,,
322,Al-Hamadi,Ali Al-Hamadi,Ipswich Town,IPS,FWD,5.0,0.0,u,0,Has joined Sheffield Wednesday on loan for the rest of the season,0,0.0,0.0,0,0,0,0,0,0,0,0,0,0,0,0,0.00,0.00,0.00,0.00,0.0,0.0,0.0,0.0,0.0,0.0,0,0,0,12,,,
394,Alleyne,Max Alleyne,Man City,MCI,DEF,5.0,0.0,u,0,Has joined Burnley on loan for the rest of the season,0,0.0,0.0,0,0,0,0,0,0,0,0,0,0,0,0,0.00,0.00,0.00,0.00,0.0,0.0,0.0,0.0,0.0,0.0,0,0,0,0,,,
52,Alysson,Alysson Edward Franco da Rocha dos Santos,Aston Villa,AVL,MID,5.0,0.0,d,75,Unspecified injury - 75% chance of playing,8,2.0,2.0,87,0,1,0,0,2,1,0,0,0,34,8,0.06,0.00,0.06,2.40,39.8,4.9,25.0,7.0,1.5,1.5,0,0,1,24,,,
253,Andersen,Joachim Andersen,Fulham,FUL,DEF,5.0,0.2,a,100,,3,0.3,1.0,190,2,0,0,0,5,1,0,0,0,12,20,0.00,0.10,0.10,4.35,52.2,35.8,8.0,9.6,0.3,0.3,0,0,128,64,,,
632,Ansah,Ilyas Ansah,Hull City,HUL,FWD,5.0,0.0,i,0,Back injury - Unknown return date,0,0.0,0.0,0,0,0,0,0,0,0,0,0,0,0,0,0.00,0.00,0.00,0.00,0.0,0.0,0.0,0.0,0.0,0.0,0,0,1,12,,,
244,Armstrong,Harrison Armstrong,Everton,EVE,MID,5.0,0.4,a,100,,16,1.7,3.2,446,5,0,1,3,3,2,0,0,0,61,40,0.21,0.49,0.70,6.94,62.6,64.5,19.0,14.7,1.7,1.7,0,0,19,103,,,
648,Bahoya,Jean-Mattéo Bahoya,Leeds,LEE,MID,5.0,0.0,a,100,,2,0.7,1.0,5,0,0,0,0,0,0,0,0,0,8,0,0.00,0.00,0.00,0.28,1.0,0.3,0.0,0.1,0.5,0.7,0,0,1,9,,,
376,Bajcetic,Stefan Bajčetić Maquieira,Liverpool,LIV,MID,5.0,0.0,u,0,Has joined Celta Vigo permanently,0,0.0,0.0,0,0,0,0,0,0,0,0,0,0,0,0,0.00,0.00,0.00,0.00,0.0,0.0,0.0,0.0,0.0,0.0,0,0,0,0,,,
46,Barkley,Ross Barkley,Aston Villa,AVL,MID,5.0,0.2,a,,,10,1.0,2.0,308,4,0,0,1,8,0,0,0,0,66,28,0.38,0.14,0.52,7.36,42.4,82.3,31.0,15.6,1.0,1.0,0,0,34,80,,4,
327,Bijol,Jaka Bijol,Leeds,LEE,DEF,5.0,0.7,a,,,13,0.3,3.2,168,2,0,0,1,2,0,0,0,2,32,23,0.11,0.00,0.11,3.44,38.2,0.6,15.0,5.4,0.3,0.3,0,0,36,242,,,
447,Botman,Sven Botman,Newcastle,NEW,DEF,5.0,0.8,a,,,15,2.0,3.0,450,5,0,0,1,9,1,0,0,0,43,59,0.06,0.17,0.23,9.14,136.0,4.1,23.0,16.4,2.0,2.0,0,0,101,100,,,
360,Bradley,Conor Bradley,Liverpool,LIV,DEF,5.0,0.0,i,0,Knee injury - Unknown return date,0,0.0,0.0,0,0,0,0,0,0,0,0,0,0,0,0,0.00,0.00,0.00,0.00,0.0,0.0,0.0,0.0,0.0,0.0,0,0,1,5,,,
74,Brooks,David Brooks,Bournemouth,BOU,MID,5.0,0.1,a,100,,4,0.7,0.8,90,1,0,0,0,4,1,0,0,0,13,8,0.00,0.08,0.08,1.21,9.2,23.6,2.0,3.5,0.7,0.7,0,0,11,9,,4,3
128,Buonanotte,Facundo Buonanotte,Brighton,BHA,MID,5.0,0.0,u,0,Has joined Elche on loan for the rest of the season,0,0.0,0.0,0,0,0,0,0,0,0,0,0,0,0,0,0.00,0.00,0.00,0.00,0.0,0.0,0.0,0.0,0.0,0.0,0,0,0,0,,,
311,Burns,Wes Burns,Ipswich Town,IPS,MID,5.0,0.0,u,0,Has joined Leicester City permanently,0,0.0,0.0,0,0,0,0,0,0,0,0,0,0,0,0,0.00,0.00,0.00,0.00,0.0,0.0,0.0,0.0,0.0,0.0,0,0,0,0,,,
100,Carvalho,Fábio Freitas Gouveia Carvalho,Brentford,BRE,MID,5.0,0.0,a,100,,6,2.0,6.0,3,0,1,0,0,0,0,0,0,0,23,0,0.43,0.00,0.43,0.13,33.2,0.3,33.0,6.7,2.0,2.0,0,0,14,10,,,
580,Charles,Shea Charles,Fulham,FUL,MID,5.0,0.1,a,,,16,4.0,2.7,373,4,0,0,2,5,0,0,0,0,76,54,0.14,0.17,0.31,7.28,85.4,46.1,14.0,14.5,4.0,4.0,0,0,87,12,,,
599,Cherif,Sidiki Cherif,Coventry City,COV,FWD,5.0,0.1,a,,,1,0.3,1.0,30,0,0,0,0,3,0,0,0,0,3,1,0.00,0.00,0.00,1.43,1.0,0.2,0.0,0.1,0.3,0.3,0,0,34,22,,,
617,Cho,Mohamed-Ali Cho,Hull City,HUL,MID,5.0,0.0,a,,,9,2.3,2.2,72,0,1,0,0,1,0,0,0,0,36,2,0.79,0.36,1.15,0.98,49.8,43.9,55.0,14.9,2.3,2.3,0,0,11,3,,,
75,Christie,Ryan Christie,Bournemouth,BOU,MID,5.0,0.0,a,100,,8,2.0,1.6,174,2,0,0,0,7,1,0,0,0,36,27,0.52,0.53,1.05,2.72,9.4,17.1,31.0,5.2,2.0,2.0,0,0,31,14,,,
436,Collyer,Toby Collyer,Man Utd,MUN,MID,5.0,0.0,u,0,Has joined West Brom permanently,0,0.0,0.0,0,0,0,0,0,0,0,0,0,0,0,0,0.00,0.00,0.00,0.00,0.0,0.0,0.0,0.0,0.0,0.0,0,0,0,0,,,
71,Cook,Lewis Cook,Bournemouth,BOU,MID,5.0,0.2,a,,,9,0.7,1.5,192,2,0,0,2,1,1,0,0,0,29,16,0.00,0.01,0.01,4.20,11.8,15.8,0.0,2.8,0.7,0.7,0,0,14,34,,,
624,Cozier-Duberry,Amario Cozier-Duberry,Brighton,BHA,MID,5.0,0.0,u,0,Has joined Middlesbrough on loan for the rest of the season,0,0.0,0.0,0,0,0,0,0,0,0,0,0,0,0,0,0.00,0.00,0.00,0.00,0.0,0.0,0.0,0.0,0.0,0.0,0,0,0,0,,,
501,Danso,Kevin Danso,Sunderland,SUN,DEF,5.0,0.2,a,,,5,1.0,1.2,354,4,0,0,0,9,0,0,0,0,14,24,0.20,0.19,0.39,6.84,55.2,32.9,21.0,11.0,1.0,1.0,0,0,57,33,,,
115,De Cuyper,Maxim De Cuyper,Brighton,BHA,DEF,5.0,31.6,a,,,53,10.7,8.8,490,6,2,3,4,5,2,0,0,8,168,19,1.85,0.67,2.52,9.06,108.4,171.8,57.0,33.8,10.7,10.7,0,5,20647,561,,2,4
215,Devenny,Justin Devenny,Crystal Palace,CRY,MID,5.0,0.0,u,0,Has joined Stoke City permanently,0,0.0,0.0,0,0,0,0,0,0,0,0,0,0,0,0,0.00,0.00,0.00,0.00,0.0,0.0,0.0,0.0,0.0,0.0,0,0,0,2,3,,2
216,Esse,Romain Esse,Crystal Palace,CRY,MID,5.0,0.0,u,0,Has joined Millwall on loan for the rest of the season,0,0.0,0.0,0,0,0,0,0,0,0,0,0,0,0,0,0.00,0.00,0.00,0.00,0.0,0.0,0.0,0.0,0.0,0.0,0,0,0,6,,,
139,Ferguson,Evan Ferguson,Brighton,BHA,FWD,5.0,0.0,i,0,Ankle injury - Expected back 18 Oct,0,0.0,0.0,0,0,0,0,0,0,0,0,0,0,0,0,0.00,0.00,0.00,0.00,0.0,0.0,0.0,0.0,0.0,0.0,0,0,10,11,,,
145,Fofana,Wesley Fofana,Chelsea,CHE,DEF,5.0,0.2,a,100,,8,1.7,2.0,312,4,0,0,0,7,1,0,0,0,35,47,0.00,0.08,0.08,5.65,100.4,29.2,4.0,13.4,1.7,1.7,0,0,69,107,,,
340,Gelhardt,Joe Gelhardt,Hull City,HUL,MID,5.0,0.0,a,100,,1,0.3,1.0,7,0,0,0,0,0,0,0,0,0,5,1,0.10,0.02,0.12,0.13,1.6,1.3,12.0,1.5,0.3,0.3,0,0,0,4,,,
341,Gnonto,Wilfried Gnonto,Leeds,LEE,MID,5.0,0.0,u,0,Has joined ACF Fiorentina on loan for the rest of the season,0,0.0,0.0,0,0,0,0,0,0,0,0,0,0,0,0,0.00,0.00,0.00,0.00,0.0,0.0,0.0,0.0,0.0,0.0,0,0,0,2,,,
127,Gomez,Diego Gómez Amarilla,Brighton,BHA,MID,5.0,3.6,a,,,29,5.3,4.8,517,6,0,3,4,5,0,0,0,0,102,56,0.97,0.79,1.76,9.13,84.2,103.4,126.0,31.4,5.3,5.3,0,0,678,658,,,5
589,Gourna-Douath,Lucas Gourna-Douath,Hull City,HUL,MID,5.0,0.0,a,,,4,0.3,1.3,138,1,0,0,1,0,1,0,0,0,18,17,0.03,0.03,0.06,2.26,29.4,33.5,2.0,6.5,0.3,0.3,0,0,1,4,,,
344,Gruev,Ilia Gruev,Leeds,LEE,MID,5.0,0.0,a,100,,0,0.0,0.0,0,0,0,0,0,0,0,0,0,0,0,0,0.00,0.00,0.00,0.00,0.0,0.0,0.0,0.0,0.0,0.0,0,0,2,0,,,
342,Harrison,Jack Harrison,Leeds,LEE,MID,5.0,0.0,u,0,Has joined New England Revolution permanently,0,0.0,0.0,0,0,0,0,0,0,0,0,0,0,0,0,0.00,0.00,0.00,0.00,0.0,0.0,0.0,0.0,0.0,0.0,0,0,0,0,,,
317,Hirst,George Hirst,Ipswich Town,IPS,FWD,5.0,0.1,u,0,Has joined Stoke City permanently,0,0.0,0.0,0,0,0,0,0,0,0,0,0,0,0,0,0.00,0.00,0.00,0.00,0.0,0.0,0.0,0.0,0.0,0.0,0,0,0,21,,,
567,Horníček,Lukás Hornícek,Newcastle,NEW,GKP,5.0,1.5,a,,,14,1.3,2.8,450,5,0,0,1,9,1,0,19,0,72,0,0.00,0.00,0.00,9.14,155.6,0.0,0.0,15.5,1.3,1.3,0,0,65,220,,,
49,Iling Jr,Samuel Iling-Junior,Aston Villa,AVL,MID,5.0,0.0,u,0,Has joined Bolton Wanderers on loan for the rest of the season,0,0.0,0.0,0,0,0,0,0,0,0,0,0,0,0,0,0.00,0.00,0.00,0.00,0.0,0.0,0.0,0.0,0.0,0.0,0,0,0,0,,,
240,Iroegbunam,Tim Iroegbunam,Hull City,HUL,MID,5.0,0.0,a,100,,2,0.3,0.7,70,0,0,0,0,0,1,0,0,0,10,9,0.12,0.01,0.13,0.60,9.2,11.5,10.0,3.1,0.3,0.3,0,0,4,3,,,
362,Jacquet,Jeremy Jacquet,Liverpool,LIV,DEF,5.0,3.6,a,100,,24,5.0,4.8,415,5,0,0,3,4,1,0,0,3,112,36,0.00,0.14,0.14,5.51,106.2,44.5,4.0,15.5,5.0,5.0,0,0,1932,304,,,
98,Janelt,Vitaly Janelt,Brentford,BRE,MID,5.0,2.5,a,,,31,3.3,5.2,531,6,2,0,2,6,4,0,0,3,118,77,0.53,0.48,1.01,7.87,164.0,97.5,47.0,30.9,3.3,3.3,0,0,506,654,,3,
608,Jebbison,Daniel Jebbison,Bournemouth,BOU,FWD,5.0,0.1,a,,,3,0.3,1.0,31,0,0,0,0,2,0,0,0,0,13,1,0.10,0.00,0.10,0.61,3.6,1.6,21.0,2.6,0.3,0.3,0,0,42,37,,,
141,Jörgensen,Filip Jörgensen,Chelsea,CHE,GKP,5.0,0.0,u,0,Has joined RC Strasbourg on loan for the rest of the season,0,0.0,0.0,0,0,0,0,0,0,0,0,0,0,0,0,0.00,0.00,0.00,0.00,0.0,0.0,0.0,0.0,0.0,0.0,0,0,0,1,,,
214,Kamada,Daichi Kamada,Crystal Palace,CRY,MID,5.0,0.5,a,,,21,3.7,4.2,441,5,0,3,1,10,1,0,0,0,109,38,0.47,0.38,0.85,8.85,95.6,81.2,42.0,21.9,3.7,3.7,0,0,111,138,,3,
47,Kamara,Boubacar Kamara,Aston Villa,AVL,MID,5.0,0.3,a,100,,19,4.0,3.2,524,6,0,1,2,9,0,0,0,0,106,48,0.12,0.23,0.35,9.62,68.0,68.8,6.0,14.3,4.0,4.0,0,0,66,59,,,
293,Kamara,Abu Kamara,Hull City,HUL,MID,5.0,0.0,u,0,Has joined Portsmouth permanently,0,0.0,0.0,0,0,0,0,0,0,0,0,0,0,0,0,0.00,0.00,0.00,0.00,0.0,0.0,0.0,0.0,0.0,0.0,0,0,0,0,,,
82,Kelleher,Caoimhín Kelleher,Brentford,BRE,GKP,5.0,6.1,a,,,22,3.7,3.7,531,6,0,0,2,6,0,0,20,0,107,0,0.00,0.01,0.01,7.87,118.0,0.0,0.0,11.7,3.7,3.7,0,0,333,540,,,
588,Khalaili,Anan Khalaili,Crystal Palace,CRY,DEF,5.0,0.3,a,100,,19,4.3,3.8,379,4,1,0,1,8,1,0,0,0,54,44,0.96,0.33,1.29,8.41,128.2,48.8,48.0,22.5,4.3,4.3,0,0,48,50,,,
381,Koumas,Lewis Koumas,Liverpool,LIV,MID,5.0,0.0,a,,,3,0.3,1.0,22,0,0,0,0,0,0,0,0,0,14,1,0.28,0.00,0.28,0.72,4.2,0.5,24.0,2.9,0.3,0.3,0,0,13,8,,,
635,Larsson,Hugo Larsson,Fulham,FUL,MID,5.0,0.0,a,,,3,0.7,1.0,37,0,0,0,0,1,0,0,0,0,9,6,0.13,0.23,0.36,0.88,6.8,1.9,9.0,1.8,0.7,0.7,0,0,3,2,,,
161,Lavia,Roméo Lavia,Chelsea,CHE,MID,5.0,0.2,a,,,12,1.0,2.4,271,4,1,0,0,8,1,0,0,0,64,33,0.75,0.11,0.86,5.11,65.8,29.1,66.0,16.1,1.0,1.0,0,0,27,122,,,
168,Marc Guiu,Marc Guiu Paz,Chelsea,CHE,FWD,5.0,0.2,u,0,Has joined RB Leipzig permanently,0,0.0,0.0,0,0,0,0,0,0,0,0,0,0,0,0,0.00,0.00,0.00,0.00,0.0,0.0,0.0,0.0,0.0,0.0,0,0,0,58,,,
196,Markelo,Jahnoah Markelo,Coventry City,COV,FWD,5.0,0.0,u,0,Has joined Shabab Al-Ahli Dubai permanently,0,0.0,0.0,0,0,0,0,0,0,0,0,0,0,0,0,0.00,0.00,0.00,0.00,0.0,0.0,0.0,0.0,0.0,0.0,0,0,0,0,,,
28,Martinez,Emiliano Martínez Romero,Chelsea,CHE,GKP,5.0,4.7,a,,,12,2.3,2.4,445,5,0,0,0,11,0,0,21,0,76,0,0.00,0.01,0.01,8.90,145.0,30.0,0.0,17.5,2.3,2.3,0,0,353,787,,,
99,Milambo,Antoni Milambo,Brentford,BRE,MID,5.0,0.0,i,0,Knee injury - Unknown return date,0,0.0,0.0,0,0,0,0,0,0,0,0,0,0,0,0,0.00,0.00,0.00,0.00,0.0,0.0,0.0,0.0,0.0,0.0,0,0,0,0,,,
287,Millar,Liam Millar,Hull City,HUL,MID,5.0,0.0,u,0,Has joined Birmingham on loan for the rest of the season,6,0.0,3.0,50,0,1,0,0,0,1,0,0,0,26,4,0.58,0.00,0.58,0.87,36.0,1.1,15.0,5.2,0.0,0.0,0,0,0,9,,,
523,Moore,Mikey Moore,Spurs,TOT,MID,5.0,0.0,u,0,Has joined FC Köln on loan for the rest of the season,3,0.0,1.5,89,1,0,0,0,4,0,0,0,0,11,3,0.40,0.02,0.42,3.26,14.2,6.3,56.0,7.5,0.0,0.0,0,0,0,12,,,
470,Morato,Felipe Rodrigues da Silva,Nott'm Forest,NFO,DEF,5.0,0.0,u,0,Has joined West Ham on loan for the rest of the season,0,0.0,0.0,0,0,0,0,0,0,0,0,0,0,0,0,0.00,0.00,0.00,0.00,0.0,0.0,0.0,0.0,0.0,0.0,0,0,0,7,,,
645,Mouzakitis,Christos Mouzakitis,Hull City,HUL,MID,5.0,0.0,a,,,0,0.0,0.0,0,0,0,0,0,0,0,0,0,0,0,0,0.00,0.00,0.00,0.00,0.0,0.0,0.0,0.0,0.0,0.0,0,0,8,3,,,
334,Muharemović,Tarik Muharemović,Leeds,LEE,DEF,5.0,4.6,a,,,27,4.3,4.5,540,6,0,1,2,5,1,0,0,0,105,67,0.49,0.05,0.54,9.04,147.4,13.6,41.0,20.2,4.3,4.3,0,0,552,648,,,
551,N.Angulo,Nilson Angulo,Sunderland,SUN,MID,5.0,0.1,a,,,18,2.7,3.0,385,6,1,1,1,8,1,0,0,0,74,27,0.60,0.13,0.73,5.40,72.2,38.3,47.0,15.7,2.7,2.7,0,0,18,35,,,1
469,N.Williams,Neco Williams,Nott'm Forest,NFO,DEF,5.0,7.3,d,50,Illness - 50% chance of playing,19,1.3,3.8,450,5,0,1,1,5,0,0,0,1,85,29,0.41,0.61,1.02,4.77,90.4,123.7,42.0,25.6,0.7,0.7,0,0,24,6493,,2,3
600,Osman,Ibrahim Osman,Brighton,BHA,MID,5.0,0.0,a,,,3,0.3,1.0,40,0,0,0,0,1,0,0,0,0,15,4,0.05,0.07,0.12,0.32,7.2,17.8,19.0,4.2,0.3,0.3,0,0,1,5,,,
619,Palacios,Exequiel Palacios,Ipswich Town,IPS,MID,5.0,0.1,a,,,12,2.3,2.4,298,3,0,0,0,7,0,0,0,0,71,47,0.00,0.10,0.10,5.30,55.4,46.6,4.0,10.6,2.3,2.3,0,0,12,29,,,
408,Phillips,Kalvin Phillips,Man City,MCI,MID,5.0,0.0,u,0,Has joined Sheffield United on loan for the rest of the season,0,0.0,0.0,0,0,0,0,0,0,0,0,0,0,0,0,0.00,0.00,0.00,0.00,0.0,0.0,0.0,0.0,0.0,0.0,0,0,0,1,,,
348,Piroe,Joël Piroe,Leeds,LEE,FWD,5.0,0.1,u,0,Has joined West Ham United on loan for the rest of the season,0,0.0,0.0,0,0,0,0,0,0,0,0,0,0,0,0,0.00,0.00,0.00,0.00,0.0,0.0,0.0,0.0,0.0,0.0,0,0,0,11,3,,
500,Romero,Cristian Romero,Spurs,TOT,DEF,5.0,0.1,u,0,Has joined Atletico Madrid permanently,0,0.0,0.0,0,0,0,0,0,0,0,0,0,0,0,0,0.00,0.00,0.00,0.00,0.0,0.0,0.0,0.0,0.0,0.0,0,0,0,10,,,
587,Rulli,Gerónimo Rulli,Man City,MCI,GKP,5.0,0.0,a,,,0,0.0,0.0,0,0,0,0,0,0,0,0,0,0,0,0,0.00,0.00,0.00,0.00,0.0,0.0,0.0,0.0,0.0,0.0,0,0,1,1,,,
558,Schlager,Xaver Schlager,Nott'm Forest,NFO,MID,5.0,0.1,a,,,13,1.7,2.6,376,4,0,0,1,5,1,0,0,0,70,49,0.19,0.18,0.37,4.43,68.4,25.0,31.0,12.5,1.7,1.7,0,0,8,17,,3,
467,Sels,Matz Sels,Nott'm Forest,NFO,GKP,5.0,1.5,a,,,14,1.7,2.8,450,5,0,0,1,5,0,0,11,0,67,0,0.00,0.01,0.01,4.77,82.0,0.0,0.0,8.2,1.7,1.7,0,0,25,271,,,
566,Silva,António João Pereira de Albuquerque Tavares da Silva,Bournemouth,BOU,DEF,5.0,0.6,a,,,13,2.0,2.2,535,6,0,0,0,13,2,0,0,0,18,61,1.38,0.32,1.70,8.03,124.6,10.1,43.0,17.7,2.0,2.0,0,0,127,90,,,
576,Stroud,Elliot Stroud,Hull City,HUL,MID,5.0,0.1,a,,,7,0.3,1.8,249,4,0,0,2,1,1,0,0,0,17,20,0.06,0.05,0.11,4.32,8.4,22.7,12.0,3.8,0.3,0.3,0,0,13,14,,,
597,Suzuki,Zion Suzuki,Aston Villa,AVL,GKP,5.0,1.9,a,,,18,2.0,3.6,441,5,0,0,1,7,0,0,18,3,89,0,0.00,0.01,0.01,6.63,115.6,0.0,0.0,11.6,2.0,2.0,0,0,236,302,,,
120,Svoboda,Michael Svoboda,Brighton,BHA,DEF,5.0,0.1,a,,,1,0.3,1.0,4,0,0,0,0,0,0,0,0,0,5,1,0.00,0.00,0.00,0.14,2.4,0.0,0.0,0.2,0.3,0.3,0,0,31,14,,,
319,Szmodics,Sam Szmodics,Ipswich Town,IPS,MID,5.0,0.0,u,0,Has joined Derby County on loan for the rest of the season,0,0.0,0.0,0,0,0,0,0,0,0,0,0,0,0,0,0.00,0.00,0.00,0.00,0.0,0.0,0.0,0.0,0.0,0.0,0,0,0,0,,,
445,Thiaw,Malick Thiaw,Newcastle,NEW,DEF,5.0,2.2,a,,,14,2.0,2.8,450,5,0,0,1,9,0,0,0,0,32,45,0.00,0.08,0.08,9.14,106.2,16.3,4.0,12.7,2.0,2.0,0,0,149,421,,,
194,Thomas-Asante,Brandon Thomas-Asante,Coventry City,COV,FWD,5.0,0.8,a,,,9,1.7,1.8,227,2,0,0,1,6,0,0,0,0,43,27,0.34,0.06,0.39,4.98,29.8,4.5,49.0,8.4,1.7,1.7,0,0,531,248,4,,
644,Timber,Quinten Timber,Crystal Palace,CRY,MID,5.0,0.0,a,,,9,2.3,3.0,253,3,0,0,1,5,0,0,0,0,45,27,0.24,0.06,0.30,5.56,37.8,29.1,34.0,10.0,2.3,2.3,0,0,18,9,,,
385,Trafford,James Trafford,Leeds,LEE,GKP,5.0,5.6,a,,,30,5.0,5.0,540,6,0,0,2,5,0,0,24,5,132,0,0.00,0.01,0.01,9.04,148.6,0.0,0.0,14.9,5.0,5.0,0,0,852,418,,,
227,Travers,Mark Travers,Everton,EVE,GKP,5.0,0.0,a,,,0,0.0,0.0,0,0,0,0,0,0,0,0,0,0,0,0,0.00,0.00,0.00,0.00,0.0,0.0,0.0,0.0,0.0,0.0,0,0,5,10,,,
225,Uche,Christantus Uche,Crystal Palace,CRY,FWD,5.0,0.0,u,0,has returned to Getafe CF,0,0.0,0.0,0,0,0,0,0,0,0,0,0,0,0,0,0.00,0.00,0.00,0.00,0.0,0.0,0.0,0.0,0.0,0.0,0,0,0,0,,,
433,Ugarte,Manuel Ugarte Ribeiro,Man Utd,MUN,MID,5.0,0.0,i,0,Knee injury - Unknown return date,0,0.0,0.0,0,0,0,0,0,0,0,0,0,0,0,0,0.00,0.00,0.00,0.00,0.0,0.0,0.0,0.0,0.0,0.0,0,0,0,2,,,
503,Van de Ven,Micky van de Ven,Spurs,TOT,DEF,5.0,3.7,a,100,,16,2.3,4.0,360,4,0,0,2,5,1,0,0,3,69,29,0.59,0.05,0.64,3.91,75.8,8.7,18.0,10.3,2.3,2.3,0,0,518,418,,,
637,Vaz,Robinio Vaz,Hull City,HUL,FWD,5.0,0.1,a,,,2,0.7,1.0,20,0,0,0,0,0,0,0,0,0,8,2,0.00,0.01,0.01,0.31,2.4,11.7,2.0,1.6,0.7,0.7,0,0,91,48,,,
504,Vuskovic,Luka Vušković,Brighton,BHA,DEF,5.0,4.2,a,,,40,7.3,6.7,521,6,1,0,4,5,0,0,0,2,116,53,0.73,0.08,0.81,9.09,128.2,18.0,72.0,21.8,7.3,7.3,0,0,1177,581,,,
133,Watson,Tom Watson,Brighton,BHA,MID,5.0,0.0,u,0,Has joined Leicester City on loan for the rest of the season,0,0.0,0.0,0,0,0,0,0,0,0,0,0,0,0,0,0.00,0.00,0.00,0.00,0.0,0.0,0.0,0.0,0.0,0.0,0,0,0,0,,,
460,Willock,Joe Willock,Newcastle,NEW,MID,5.0,0.6,a,,,22,3.7,4.4,284,3,2,0,1,5,0,0,0,3,80,18,0.81,0.30,1.11,5.19,92.2,41.0,68.0,19.4,3.7,3.7,0,0,264,152,,,
636,Ángel,Manuel Ángel Morán Ibáñez,Fulham,FUL,MID,5.0,0.0,a,,,0,0.0,0.0,15,0,0,0,0,0,1,0,0,0,-1,2,0.00,0.00,0.00,0.04,0.0,0.0,0.0,0.0,0.0,0.0,0,0,1,2,,,
546,Adingra,Simon Adingra,Sunderland,SUN,MID,4.9,0.0,u,0,Has joined Ajax on loan for the rest of the season,0,0.0,0.0,0,0,0,0,0,0,0,0,0,0,0,0,0.00,0.00,0.00,0.00,0.0,0.0,0.0,0.0,0.0,0.0,0,-1,0,9,,,
77,Adli,Amine Adli,Bournemouth,BOU,MID,4.9,0.0,i,0,Calf injury - Unknown return date,0,0.0,0.0,0,0,0,0,0,0,0,0,0,0,0,0,0.00,0.00,0.00,0.00,0.0,0.0,0.0,0.0,0.0,0.0,0,-1,2,3,,,
243,Alcaraz,Carlos Alcaraz Durán,Everton,EVE,MID,4.9,0.1,a,,,1,0.0,0.5,5,0,0,0,0,0,1,0,0,0,5,3,0.05,0.02,0.07,0.04,5.0,0.8,25.0,2.7,0.0,0.0,0,-1,9,18,,,
2,Arrizabalaga,Kepa Arrizabalaga Revuelta,Arsenal,ARS,GKP,4.9,0.1,a,,,0,0.0,0.0,0,0,0,0,0,0,0,0,0,0,0,0,0.00,0.00,0.00,0.00,0.0,0.0,0.0,0.0,0.0,0.0,0,-1,7,5,,,
131,Baleba,Carlos Baleba,Man Utd,MUN,MID,4.9,0.1,a,100,,0,0.0,0.0,0,0,0,0,0,0,0,0,0,0,0,0,0.00,0.00,0.00,0.00,0.0,0.0,0.0,0.0,0.0,0.0,0,-1,159,33,,,
532,Ballard,Daniel Ballard,Sunderland,SUN,DEF,4.9,1.9,i,0,Hamstring injury - Unknown return date,14,0.7,2.8,450,5,0,0,1,10,2,0,0,0,31,49,0.31,0.16,0.47,8.66,104.2,23.8,35.0,16.3,0.0,0.0,0,-1,2,2366,,,
559,Bamba,Aladji Bamba,Newcastle,NEW,MID,4.9,0.1,a,,,3,0.7,1.0,27,0,0,0,0,1,0,0,0,0,12,8,0.00,0.00,0.00,1.29,11.6,0.4,0.0,1.2,0.7,0.7,0,-1,10,11,,,
265,Berge,Sander Berge,Fulham,FUL,MID,4.9,0.3,a,,,14,3.0,2.3,435,5,0,0,3,5,0,0,0,0,85,26,0.27,0.38,0.65,8.03,51.4,81.0,22.0,15.4,3.0,3.0,0,-1,43,39,,,
35,Bogarde,Lamare Bogarde,Aston Villa,AVL,MID,4.9,0.1,a,,,1,0.0,1.0,16,0,0,0,0,0,0,0,0,0,3,1,0.00,0.00,0.00,0.22,2.2,0.5,0.0,0.3,0.0,0.0,0,-1,8,10,,,
266,Cairney,Tom Cairney,Fulham,FUL,MID,4.9,0.0,i,0,Knee injury - Expected back 17 Oct,0,0.0,0.0,0,0,0,0,0,0,0,0,0,0,0,0,0.00,0.00,0.00,0.00,0.0,0.0,0.0,0.0,0.0,0.0,0,-1,0,1,,,
583,Chavarria,Pep Chavarría,Chelsea,CHE,DEF,4.9,0.2,a,,,10,2.3,1.7,293,2,0,1,0,5,0,0,0,0,41,22,0.04,0.23,0.27,5.51,30.8,31.4,12.0,7.5,2.3,2.3,0,-1,106,26,,,
417,Dalot,Diogo Dalot Teixeira,Man Utd,MUN,DEF,4.9,1.6,a,,,8,1.3,1.6,346,4,0,0,0,4,1,0,0,0,46,16,0.24,0.23,0.47,4.70,43.6,107.7,49.0,20.2,1.3,1.3,0,-1,113,266,,,
103,Dasilva,Josh Dasilva,Brentford,BRE,MID,4.9,0.0,i,0,Hamstring injury - Expected back 10 Oct,0,0.0,0.0,0,0,0,0,0,0,0,0,0,0,0,0,0.00,0.00,0.00,0.00,0.0,0.0,0.0,0.0,0.0,0.0,0,-1,0,4,,,
416,De Ligt,Matthijs de Ligt,Man Utd,MUN,DEF,4.9,0.0,i,0,Back injury - Unknown return date,0,0.0,0.0,0,0,0,0,0,0,0,0,0,0,0,0,0.00,0.00,0.00,0.00,0.0,0.0,0.0,0.0,0.0,0.0,0,-1,3,10,,,
62,Diakité,Bafodé Diakité,Bournemouth,BOU,DEF,4.9,0.2,a,,,0,0.0,0.0,0,0,0,0,0,0,0,0,0,0,0,0,0.00,0.00,0.00,0.00,0.0,0.0,0.0,0.0,0.0,0.0,0,-1,25,26,,,
487,Dominguez,Nicolás Domínguez,Nott'm Forest,NFO,MID,4.9,0.1,a,,,1,0.0,1.0,1,0,0,0,0,0,0,0,0,0,3,0,0.00,0.00,0.00,0.00,0.2,0.0,0.0,0.0,0.0,0.0,0,-1,4,8,,,
407,Echeverri,Claudio Echeverri,Man City,MCI,MID,4.9,0.0,u,0,Has joined Benfica on loan for the rest of the season,0,0.0,0.0,0,0,0,0,0,0,0,0,0,0,0,0,0.00,0.00,0.00,0.00,0.0,0.0,0.0,0.0,0.0,0.0,0,-1,0,0,,,
170,Emegha,Emmanuel Emegha,Chelsea,CHE,FWD,4.9,0.1,i,0,Hamstring injury - Expected back 17 Oct,0,0.0,0.0,0,0,0,0,0,0,0,0,0,0,0,0,0.00,0.00,0.00,0.00,0.0,0.0,0.0,0.0,0.0,0.0,0,-1,4,28,,,
374,Endo,Endo Wataru,Liverpool,LIV,MID,4.9,0.1,a,100,,0,0.0,0.0,0,0,0,0,0,0,0,0,0,0,0,0,0.00,0.00,0.00,0.00,0.0,0.0,0.0,0.0,0.0,0.0,0,-1,8,9,,,
72,Gannon-Doak,Ben Gannon-Doak,Bournemouth,BOU,MID,4.9,0.1,a,,,5,1.0,1.0,52,0,0,0,0,4,0,0,0,0,22,12,0.12,0.10,0.22,1.22,4.0,2.9,16.0,2.3,1.0,1.0,0,-1,15,18,,,
359,Gomez,Joe Gomez,Liverpool,LIV,DEF,4.9,0.0,a,100,,0,0.0,0.0,0,0,0,0,0,0,0,0,0,0,0,0,0.00,0.00,0.00,0.00,0.0,0.0,0.0,0.0,0.0,0.0,0,-1,18,7,,,
595,Gozo,Zavier Gozo,Crystal Palace,CRY,MID,4.9,0.0,a,,,2,0.3,1.0,28,0,0,0,0,2,0,0,0,0,6,1,0.00,0.00,0.00,0.68,1.4,1.6,0.0,0.3,0.3,0.3,0,-1,1,4,,,
522,Gray,Archie Gray,Spurs,TOT,MID,4.9,0.2,a,,,9,1.7,2.2,307,3,0,0,1,7,0,0,0,0,51,27,0.23,0.05,0.28,6.11,28.4,14.6,27.0,7.0,1.7,1.7,0,-1,30,27,,,
184,Grimes,Matt Grimes,Coventry City,COV,MID,4.9,0.1,a,,,11,1.7,2.2,443,5,0,0,1,9,0,0,0,0,62,38,0.12,0.13,0.25,8.42,64.4,48.0,6.0,11.8,1.7,1.7,0,-1,10,28,3,1,
144,Gusto,Malo Gusto,Chelsea,CHE,DEF,4.9,0.9,a,,,4,0.3,1.0,272,3,0,0,0,7,0,0,0,0,12,15,0.08,0.12,0.20,3.50,32.0,37.2,13.0,8.2,0.3,0.3,0,-1,46,291,,6,
101,Henderson,Jordan Henderson,Chelsea,CHE,MID,4.9,0.0,a,100,,20,6.7,10.0,175,2,2,1,0,4,0,0,0,3,81,17,0.12,0.13,0.25,4.06,16.6,10.4,0.0,2.7,6.7,6.7,0,-1,1409,17,,3,
198,Henderson,Dean Henderson,Crystal Palace,CRY,GKP,4.9,1.2,i,0,Foot injury - Expected back 18 Oct,5,0.0,1.7,270,3,0,0,0,8,0,0,12,0,37,0,0.00,0.00,0.00,6.47,96.8,0.0,0.0,9.6,0.0,0.0,0,-1,5,364,,,
574,Hjertø-Dahl,Jens Hjertø-Dahl,Hull City,HUL,MID,4.9,0.1,a,,,1,0.0,1.0,8,0,0,0,0,0,0,0,0,0,4,1,0.00,0.00,0.00,0.00,0.0,0.0,0.0,0.0,0.0,0.0,0,-1,4,9,,,
434,J.Fletcher,Jack Fletcher,Man Utd,MUN,MID,4.9,0.0,a,,,0,0.0,0.0,0,0,0,0,0,0,0,0,0,0,0,0,0.00,0.00,0.00,0.00,0.0,0.0,0.0,0.0,0.0,0.0,0,-1,1,1,,,
219,J.Rak-Sakyi,Jesurun Rak-Sakyi,Crystal Palace,CRY,MID,4.9,0.0,u,0,has joined  Kasimpasa on loan for the rest of the seaon.,0,0.0,0.0,0,0,0,0,0,0,0,0,0,0,0,0,0.00,0.00,0.00,0.00,0.0,0.0,0.0,0.0,0.0,0.0,0,-1,0,2,,,
343,James,Daniel James,Leeds,LEE,MID,4.9,0.1,i,0,Back injury - Expected back 18 Oct,3,0.7,1.0,52,0,0,0,0,1,0,0,0,0,9,5,0.35,0.01,0.36,1.61,1.2,1.3,19.0,1.9,0.0,0.0,0,-1,1,81,,,
550,Jocelin.T,Djiamgone Jocelin Ta Bi,Sunderland,SUN,MID,4.9,0.0,a,,,1,0.3,1.0,11,0,0,0,0,0,0,0,0,0,4,0,0.00,0.02,0.02,0.09,0.0,0.0,0.0,0.0,0.3,0.3,0,-1,3,1,,,
435,Lacey,Shea Lacey,Man Utd,MUN,MID,4.9,0.1,a,,,1,0.0,1.0,10,0,0,0,0,0,0,0,0,0,3,1,0.00,0.00,0.00,0.00,0.2,0.6,0.0,0.1,0.0,0.0,0,-1,14,14,,,
412,Lammens,Senne Lammens,Man Utd,MUN,GKP,4.9,9.4,a,,,11,2.0,2.2,450,5,0,0,0,8,0,0,16,0,58,0,0.00,0.00,0.00,6.80,132.8,0.0,0.0,13.3,2.0,2.0,0,-1,265,988,,,
450,Livramento,Tino Livramento,Newcastle,NEW,DEF,4.9,0.1,d,50,Unspecified injury - 50% chance of playing,4,1.0,2.0,33,0,0,1,0,1,1,0,0,0,12,3,0.00,0.01,0.01,0.18,5.0,3.8,4.0,1.3,0.5,0.5,0,-1,2,84,,,
267,Lukić,Saša Lukić,Ipswich Town,IPS,MID,4.9,0.1,a,,,15,2.3,2.5,486,6,0,1,0,11,2,0,0,0,85,50,0.02,0.44,0.46,8.97,71.0,81.2,6.0,15.8,2.3,2.3,0,-1,8,16,,1,
217,M.França,Matheus França de Oliveira,Crystal Palace,CRY,MID,4.9,0.0,u,0,Has joined Alverca on loan for the rest of the season,0,0.0,0.0,0,0,0,0,0,0,0,0,0,0,0,0,0.00,0.00,0.00,0.00,0.0,0.0,0.0,0.0,0.0,0.0,0,-1,0,4,,,
419,Martinez,Lisandro Martínez,Man Utd,MUN,DEF,4.9,1.3,a,100,,6,0.7,1.5,360,4,0,0,0,6,0,0,0,0,29,20,0.21,0.16,0.37,5.79,66.4,18.8,32.0,11.8,0.7,0.7,0,-1,144,188,,,
310,Matusiwa,Azor Matusiwa,Ipswich Town,IPS,MID,4.9,0.0,a,100,,0,0.0,0.0,0,0,0,0,0,0,0,0,0,0,0,0,0.00,0.00,0.00,0.00,0.0,0.0,0.0,0.0,0.0,0.0,0,-1,0,0,,,
3,Meslier,Illan Meslier,Arsenal,ARS,GKP,4.9,0.0,a,,,0,0.0,0.0,0,0,0,0,0,0,0,0,0,0,0,0,0.00,0.00,0.00,0.00,0.0,0.0,0.0,0.0,0.0,0.0,0,-1,3,4,,,
63,Milosavljević,Veljko Milosavljevic,Bournemouth,BOU,DEF,4.9,0.0,i,0,Thigh injury - Unknown return date,0,0.0,0.0,0,0,0,0,0,0,0,0,0,0,0,0,0.00,0.00,0.00,0.00,0.0,0.0,0.0,0.0,0.0,0.0,0,-1,3,3,,,
410,Monga,Jeremy Monga,Man City,MCI,MID,4.9,0.0,u,0,Has joined Swansea City on loan for the rest of the season,0,0.0,0.0,0,0,0,0,0,0,0,0,0,0,0,0,0.00,0.00,0.00,0.00,0.0,0.0,0.0,0.0,0.0,0.0,0,-1,0,1,,,
563,Morita,Hidemasa Morita,Hull City,HUL,MID,4.9,0.0,a,100,,1,0.0,1.0,45,1,0,0,0,0,0,0,0,0,6,3,0.00,0.00,0.00,1.09,11.0,13.4,0.0,2.4,0.0,0.0,0,-1,6,2,,,
309,Núñez,Marcelino Núñez,Ipswich Town,IPS,MID,4.9,0.1,a,,,6,0.0,3.0,140,2,0,0,0,4,0,0,0,0,32,21,0.03,0.05,0.08,3.48,24.6,19.4,6.0,5.0,0.0,0.0,0,-1,3,15,,3,1
314,Ogbene,Chiedozie Ogbene,Ipswich Town,IPS,MID,4.9,0.0,u,0,Has joined Lincoln City on loan until January,0,0.0,0.0,0,0,0,0,0,0,0,0,0,0,0,0,0.00,0.00,0.00,0.00,0.0,0.0,0.0,0.0,0.0,0.0,0,-1,0,3,,,
48,Onana,Amadou Onana,Aston Villa,AVL,MID,4.9,0.0,i,0,Knee injury - Unknown return date,0,0.0,0.0,0,0,0,0,0,0,0,0,0,0,0,0,0.00,0.00,0.00,0.00,0.0,0.0,0.0,0.0,0.0,0.0,0,-1,1,3,,,
104,Onyeka,Frank Onyeka,Coventry City,COV,MID,4.9,0.1,a,100,,9,1.7,2.2,314,4,0,0,1,7,0,0,0,0,34,28,0.03,0.02,0.05,6.31,19.4,4.7,21.0,4.5,1.7,1.7,0,-1,4,17,,,
518,P.M.Sarr,Pape Matar Sarr,Spurs,TOT,MID,4.9,0.1,u,0,Has joined Juventus on loan for the rest of the season,0,0.0,0.0,0,0,0,0,0,0,0,0,0,0,0,0,0.00,0.00,0.00,0.00,0.0,0.0,0.0,0.0,0.0,0.0,0,-1,0,32,,,
442,Pope,Nick Pope,Newcastle,NEW,GKP,4.9,0.9,a,,,0,0.0,0.0,0,0,0,0,0,0,0,0,0,0,0,0,0.00,0.00,0.00,0.00,0.0,0.0,0.0,0.0,0.0,0.0,0,-1,27,80,,,
202,Richards,Chris Richards,Crystal Palace,CRY,DEF,4.9,0.6,a,,,14,3.3,2.8,450,5,0,0,1,11,1,0,0,0,48,54,0.08,0.07,0.15,9.46,131.4,7.7,24.0,16.2,3.3,3.3,0,-1,53,69,,,
548,Rigg,Chris Rigg,Sunderland,SUN,MID,4.9,0.0,a,,,2,0.0,1.0,17,0,0,0,0,1,0,0,0,0,6,1,0.00,0.00,0.00,0.44,0.0,0.3,0.0,0.0,0.0,0.0,0,-1,3,9,,,
529,Roefs,Robin Roefs,Sunderland,SUN,GKP,4.9,2.3,a,,,13,1.3,2.2,534,6,0,0,1,11,0,0,8,0,52,0,0.00,0.01,0.01,9.59,73.4,0.0,0.0,7.3,1.3,1.3,0,-1,57,234,,,
183,Rudoni,Jack Rudoni,Coventry City,COV,MID,4.9,0.1,a,100,,13,2.3,2.6,297,4,0,0,2,4,0,0,0,0,51,34,0.92,1.11,2.03,4.49,51.2,140.8,80.0,27.2,2.3,2.3,0,-1,31,14,,5,1
246,Röhl,Merlin Röhl,Everton,EVE,MID,4.9,0.0,d,50,Unspecified injury - 50% chance of playing,6,0.0,2.0,249,3,0,0,1,2,1,0,0,0,35,24,0.00,0.20,0.20,4.52,26.6,32.1,2.0,6.1,0.0,0.0,0,-1,0,9,,,
545,Sadiki,Noah Sadiki,Sunderland,SUN,MID,4.9,0.2,a,,,12,2.0,2.0,494,6,0,0,1,10,1,0,0,0,96,36,0.44,0.27,0.71,7.40,52.8,59.5,81.0,19.2,2.0,2.0,0,-1,30,45,,,
446,Schär,Fabian Schär,Newcastle,NEW,DEF,4.9,0.2,a,100,,2,0.3,1.0,25,0,0,0,0,2,0,0,0,0,0,7,0.00,0.01,0.01,1.87,25.0,10.5,0.0,3.6,0.3,0.3,0,-1,29,29,,,2
195,Simms,Ellis Simms,Coventry City,COV,FWD,4.9,0.6,a,,,4,0.3,1.3,104,1,0,0,0,3,0,0,0,0,13,3,0.30,0.01,0.31,2.79,7.8,22.6,37.0,6.8,0.3,0.3,0,-1,192,169,,,
462,Steur,Sean Steur,Newcastle,NEW,MID,4.9,0.1,a,,,8,1.7,1.6,223,2,0,0,1,5,0,0,0,0,42,21,0.00,0.06,0.06,4.23,35.4,52.2,0.0,8.8,1.7,1.7,0,-1,5,15,,,
328,Struijk,Pascal Struijk,Brighton,BHA,DEF,4.9,0.2,a,100,,5,1.3,1.2,154,2,0,0,1,0,1,1,0,0,21,14,0.24,0.01,0.25,2.11,32.2,1.5,7.0,4.0,1.0,1.3,0,-1,12,49,,,
140,Sánchez,Robert Lynch Sánchez,Chelsea,CHE,GKP,4.9,0.6,u,0,Has joined Como on loan for the rest of the season,2,0.0,2.0,90,1,0,0,0,2,0,0,4,0,6,0,0.00,0.01,0.01,1.33,21.4,0.0,0.0,2.1,0.0,0.0,0,-1,0,157,,,
345,Tanaka,Tanaka Ao,Leeds,LEE,MID,4.9,0.3,a,,,15,3.0,3.0,325,4,0,2,2,3,2,0,0,0,54,36,0.82,0.05,0.87,4.64,50.0,18.3,20.0,8.6,3.0,3.0,0,-1,155,104,,4,
364,Tsimikas,Kostas Tsimikas,Liverpool,LIV,DEF,4.9,0.1,a,,,2,0.3,1.0,64,1,0,0,0,0,0,0,0,0,6,3,0.04,0.02,0.06,0.47,6.4,2.9,9.0,1.8,0.3,0.3,0,-1,4,10,,4,
76,Tóth.A,Alex Tóth,Bournemouth,BOU,MID,4.9,0.0,a,,,2,0.3,1.0,17,0,0,0,0,2,0,0,0,0,8,2,0.00,0.00,0.00,0.56,3.0,0.7,0.0,0.3,0.3,0.3,0,-1,0,3,,,
112,Van Hecke,Jan Paul van Hecke,Spurs,TOT,DEF,4.9,6.2,a,100,,24,4.7,4.8,450,5,1,0,2,8,1,0,0,2,85,43,0.69,0.42,1.11,7.78,171.8,74.9,70.0,31.6,4.7,4.7,0,-1,931,673,,,
85,Van den Berg,Sepp van den Berg,Brentford,BRE,DEF,4.9,0.1,a,100,,0,0.0,0.0,0,0,0,0,0,0,0,0,0,0,0,0,0.00,0.00,0.00,0.00,0.0,0.0,0.0,0.0,0.0,0.0,0,-1,14,8,,,
130,Wieffer,Mats Wieffer,Brighton,BHA,DEF,4.9,0.2,i,0,Knee injury - Unknown return date,7,0.0,3.5,156,2,0,0,1,4,0,0,0,1,38,15,0.12,0.13,0.25,3.18,37.0,35.5,10.0,8.3,0.0,0.0,0,-1,1,78,,,
292,Ömür,Abdülkadir Ömür,Hull City,HUL,MID,4.9,0.0,a,,,0,0.0,0.0,0,0,0,0,0,0,0,0,0,0,0,0,0.00,0.00,0.00,0.00,0.0,0.0,0.0,0.0,0.0,0.0,0,-1,2,2,,,
535,Alderete,Omar Alderete,Sunderland,SUN,DEF,4.8,0.2,a,100,,1,0.0,1.0,23,0,0,0,0,1,0,0,0,0,2,0,0.00,0.01,0.01,0.10,0.0,0.6,0.0,0.0,0.0,0.0,0,-2,11,39,,,
162,Andrey Santos,Andrey Nascimento dos Santos,Man Utd,MUN,MID,4.8,0.5,a,,,4,0.0,1.3,82,1,0,0,0,4,0,0,0,0,23,18,0.00,0.24,0.24,2.03,24.8,5.5,8.0,3.9,0.0,0.0,0,-2,46,200,,,
448,Burn,Dan Burn,Newcastle,NEW,DEF,4.8,0.7,i,0,Ankle injury - Expected back 12 Oct,0,0.0,0.0,0,0,0,0,0,0,0,0,0,0,0,0,0.00,0.00,0.00,0.00,0.0,0.0,0.0,0.0,0.0,0.0,0,-2,3,158,,,
203,Canvot,Jaydee Canvot,Crystal Palace,CRY,DEF,4.8,0.2,a,,,10,2.7,2.5,360,4,0,0,1,8,0,0,0,0,38,34,0.05,0.13,0.18,7.78,83.0,25.3,7.0,11.5,2.7,2.7,0,-2,14,17,,,
149,Colwill,Levi Samuels Colwill,Chelsea,CHE,DEF,4.8,0.8,a,,,5,1.3,1.0,426,5,0,0,0,10,1,0,0,0,27,31,0.01,0.06,0.07,8.08,61.6,16.6,13.0,9.2,1.3,1.3,0,-2,74,207,,,
218,Doucouré,Cheick Doucouré,Crystal Palace,CRY,MID,4.8,0.0,a,,,0,0.0,0.0,0,0,0,0,0,0,0,0,0,0,0,0,0.00,0.00,0.00,0.00,0.0,0.0,0.0,0.0,0.0,0.0,0,-2,7,14,,,
187,Eccles,Josh Eccles,Coventry City,COV,MID,4.8,0.0,i,0,Unspecified injury - Expected back 12 Oct,0,0.0,0.0,0,0,0,0,0,0,0,0,0,0,0,0,0.00,0.00,0.00,0.00,0.0,0.0,0.0,0.0,0.0,0.0,0,-2,1,4,,,
571,Florentino,Florentino Ibrain Morris Luís,Ipswich Town,IPS,MID,4.8,0.1,a,100,,4,1.3,1.3,92,1,0,0,0,1,0,0,0,0,29,11,0.00,0.14,0.14,2.35,9.0,22.3,2.0,3.2,1.3,1.3,0,-2,7,7,,,
488,I.Sangaré,Ibrahim Sangaré,Nott'm Forest,NFO,MID,4.8,0.4,a,100,,4,0.7,1.3,105,1,0,0,0,1,0,0,0,0,15,8,0.09,0.02,0.11,0.56,21.6,13.7,5.0,4.1,0.7,0.7,0,-2,30,82,,,
456,J.Ramsey,Jacob Ramsey,Newcastle,NEW,MID,4.8,0.2,i,0,Thigh injury - Unknown return date,7,0.0,2.3,69,0,1,0,0,1,1,0,0,0,26,11,0.17,0.16,0.33,1.92,40.4,6.3,21.0,6.7,0.0,0.0,0,-2,7,151,,,
231,Keane,Michael Keane,Everton,EVE,DEF,4.8,0.7,a,,,0,0.0,0.0,0,0,0,0,0,0,0,0,0,0,0,0,0.00,0.00,0.00,0.00,0.0,0.0,0.0,0.0,0.0,0.0,0,-2,31,115,,,
213,Lerma,Jefferson Lerma Solís,Crystal Palace,CRY,MID,4.8,0.1,a,,,1,0.3,0.5,51,0,0,0,0,1,1,0,0,0,6,12,0.26,0.00,0.26,1.25,17.6,0.8,11.0,3.0,0.3,0.3,0,-2,8,9,,,
339,Longstaff,Sean Longstaff,Leeds,LEE,MID,4.8,0.1,a,,,2,0.3,1.0,10,0,0,0,0,1,0,0,0,0,7,0,0.00,0.00,0.00,0.35,0.0,0.2,0.0,0.0,0.3,0.3,0,-2,24,23,,3,3
418,Maguire,Harry Maguire,Man Utd,MUN,DEF,4.8,7.8,a,,,10,1.0,2.0,450,5,0,1,0,8,2,0,0,0,50,31,0.20,0.46,0.66,6.80,86.0,50.1,50.0,18.6,1.0,1.0,0,-2,217,1368,,,
351,Mamardashvili,Giorgi Mamardashvili,Liverpool,LIV,GKP,4.8,0.1,a,,,0,0.0,0.0,0,0,0,0,0,0,0,0,0,0,0,0,0.00,0.00,0.00,0.00,0.0,0.0,0.0,0.0,0.0,0.0,0,-2,12,17,,,
324,Mehmeti,Anis Mehmeti,Ipswich Town,IPS,MID,4.8,0.0,a,,,0,0.0,0.0,0,0,0,0,0,0,0,0,0,0,0,0,0.00,0.00,0.00,0.00,0.0,0.0,0.0,0.0,0.0,0.0,0,-2,2,3,,,
547,Mundle,Romaine Mundle,Sunderland,SUN,MID,4.8,0.0,i,0,Knee injury - Unknown return date,1,0.0,1.0,1,0,0,0,0,0,0,0,0,0,2,1,0.17,0.00,0.17,0.09,8.0,0.1,17.0,2.5,0.0,0.0,0,-2,0,2,,,
375,Nyoni,Trey Nyoni,Liverpool,LIV,MID,4.8,0.0,a,,,3,0.3,1.0,38,0,0,0,0,0,0,0,0,0,9,10,0.00,0.00,0.00,0.36,16.2,2.9,0.0,1.9,0.3,0.3,0,-2,10,8,,,
21,Nørgaard,Christian Nørgaard,Everton,EVE,MID,4.8,0.0,d,50,Groin injury - 50% chance of playing,0,0.0,0.0,0,0,0,0,0,0,0,0,0,0,0,0,0.00,0.00,0.00,0.00,0.0,0.0,0.0,0.0,0.0,0.0,0,-2,2,10,,,
232,O'Brien,Jake O'Brien,Everton,EVE,DEF,4.8,0.3,a,,,2,0.7,1.0,16,0,0,0,0,0,0,0,0,0,5,2,0.00,0.00,0.00,0.42,3.0,0.0,0.0,0.3,0.7,0.7,0,-2,13,27,,,
185,Sakamoto,Tatsuhiro Sakamoto,Coventry City,COV,MID,4.8,0.1,a,,,1,0.0,1.0,31,0,0,0,0,1,0,0,0,0,8,4,0.02,0.02,0.04,0.69,6.2,5.9,7.0,1.9,0.0,0.0,0,-2,4,10,,,
102,Yarmoliuk,Yehor Yarmoliuk,Brentford,BRE,MID,4.8,0.6,a,,,17,5.0,2.8,282,3,1,1,1,5,1,0,0,1,75,30,0.24,0.32,0.56,6.06,53.0,60.5,20.0,13.4,5.0,5.0,0,-2,274,101,,,
575,Yirenkyi,Caleb Yirenkyi,Coventry City,COV,MID,4.8,0.1,a,,,9,1.3,1.8,265,3,0,0,2,5,1,0,0,0,36,21,0.03,0.15,0.18,4.25,15.4,41.6,7.0,6.0,1.3,1.3,0,-2,16,33,,,
135,Yohanna,Zadok Yohanna,Brighton,BHA,MID,4.8,0.0,i,0,Unspecified injury - Expected back 18 Oct,1,0.0,1.0,12,0,0,0,0,0,0,0,0,0,3,0,0.00,0.03,0.03,0.00,0.2,1.3,0.0,0.2,0.0,0.0,0,-2,0,23,,,
420,Yoro,Leny Yoro,Man Utd,MUN,DEF,4.8,0.4,a,,,2,0.0,1.0,22,0,0,0,0,2,0,0,0,0,-1,5,0.00,0.02,0.02,1.09,7.8,2.4,2.0,1.3,0.0,0.0,0,-2,42,58,,,
572,Tzolakis,Konstantinos Tzolakis,Hull City,HUL,GKP,4.7,13.3,a,,,34,2.7,6.8,450,5,0,0,3,4,1,0,17,6,129,0,0.00,0.00,0.00,7.40,150.0,0.0,0.0,15.0,2.7,2.7,0,2,2047,620,,,
330,Bogle,Jayden Bogle,Leeds,LEE,DEF,4.6,8.3,a,,,43,7.0,7.2,450,6,2,0,4,3,2,0,0,6,123,17,1.57,0.11,1.68,5.19,108.8,34.6,119.0,26.2,7.0,7.0,0,1,5792,1067,,,
88,Kayode,Michael Kayode,Brentford,BRE,DEF,4.6,7.6,a,,,24,2.7,4.0,375,5,1,0,2,3,0,0,0,1,75,20,0.55,0.51,1.06,4.79,63.8,32.9,56.0,15.3,2.7,2.7,0,1,519,1292,,,
31,Konsa,Ezri Konsa Ngoyo,Arsenal,ARS,DEF,4.6,17.3,a,100,,16,3.7,3.2,371,4,0,0,1,5,0,0,0,0,53,33,0.23,0.02,0.25,4.18,45.0,14.0,14.0,7.3,2.8,3.7,0,1,1911,2416,,,
233,Mykolenko,Vitalii Mykolenko,Everton,EVE,DEF,4.6,3.5,d,75,Leg injury - 75% chance of playing,27,5.3,5.4,450,5,0,0,3,3,1,0,0,3,109,39,0.04,0.16,0.20,6.94,105.6,35.7,13.0,15.5,4.0,4.0,0,1,83,2079,,,
151,Acheampong,Josh Acheampong,Chelsea,CHE,DEF,4.5,0.3,a,,,7,0.7,1.4,306,3,0,0,0,8,0,0,0,0,17,26,0.00,0.05,0.05,6.13,43.0,5.5,6.0,5.4,0.7,0.7,0,0,42,72,,,
650,Affengruber,David Affengruber,Fulham,FUL,DEF,4.5,0.6,a,,,21,7.0,7.0,266,3,0,0,2,1,0,0,0,1,65,34,0.08,0.03,0.11,3.55,51.0,14.6,0.0,6.6,7.0,7.0,0,0,393,18,,,
633,Ahanor,Honest Ahanor,Crystal Palace,CRY,DEF,4.5,0.0,a,,,3,1.0,3.0,90,1,0,0,0,3,0,0,0,0,10,11,0.00,0.01,0.01,1.68,24.6,11.9,4.0,4.1,1.0,1.0,0,0,5,6,,,
613,Ahoka,Jules Ahoka,Sunderland,SUN,MID,4.5,0.2,a,,,0,0.0,0.0,0,0,0,0,0,0,0,0,0,0,0,0,0.00,0.00,0.00,0.00,0.0,0.0,0.0,0.0,0.0,0.0,0,0,47,60,,,
87,Ajer,Kristoffer Ajer,Brentford,BRE,DEF,4.5,3.7,a,,,28,5.0,4.7,531,6,1,0,2,6,1,0,0,1,93,55,0.38,0.08,0.46,7.87,104.2,34.0,49.0,18.8,5.0,5.0,0,0,252,613,,,
192,Andrews,Kai Andrews,Coventry City,COV,MID,4.5,0.2,u,0,Has joined Oxford United on loan for the rest of the season,0,0.0,0.0,0,0,0,0,0,0,0,0,0,0,0,0,0.00,0.00,0.00,0.00,0.0,0.0,0.0,0.0,0.0,0.0,0,0,0,62,,,
561,Anselmino,Aaron Anselmino,Chelsea,CHE,DEF,4.5,0.0,a,100,,0,0.0,0.0,0,0,0,0,0,0,0,0,0,0,0,0,0.00,0.00,0.00,0.00,0.0,0.0,0.0,0.0,0.0,0.0,0,0,1,3,,,
146,B.Badiashile,Benoît Badiashile Mukinayi,Chelsea,CHE,DEF,4.5,0.0,u,0,Has joined Napoli on loan for the rest of the season,0,0.0,0.0,0,0,0,0,0,0,0,0,0,0,0,0,0.00,0.00,0.00,0.00,0.0,0.0,0.0,0.0,0.0,0.0,0,0,0,1,,,
641,Bard,Melvin Bard,Leeds,LEE,DEF,4.5,0.0,a,,,1,0.3,1.0,18,0,0,0,0,1,0,0,0,0,1,2,0.00,0.00,0.00,0.30,4.4,10.3,0.0,1.5,0.3,0.3,0,0,6,1,,,
197,Bassette,Norman Bassette,Coventry City,COV,FWD,4.5,0.0,u,0,Has joined KVC Westerlo on loan for the rest of the season,0,0.0,0.0,0,0,0,0,0,0,0,0,0,0,0,0,0.00,0.00,0.00,0.00,0.0,0.0,0.0,0.0,0.0,0.0,0,0,0,4,,,
257,Bassey,Calvin Bassey,Fulham,FUL,DEF,4.5,0.9,a,,,22,6.3,3.7,536,6,0,1,2,8,2,0,0,1,91,39,0.13,0.10,0.23,9.78,97.0,15.3,40.0,15.2,6.3,6.3,0,0,448,69,,,
413,Bayindir,Altay Bayındır,Man Utd,MUN,GKP,4.5,0.0,u,0,Has joined Celta Vigo on loan for the rest of the season,0,0.0,0.0,0,0,0,0,0,0,0,0,0,0,0,0,0.00,0.00,0.00,0.00,0.0,0.0,0.0,0.0,0.0,0.0,0,0,0,2,,,
590,Benda,Steven Benda,Nott'm Forest,NFO,GKP,4.5,0.1,a,,,0,0.0,0.0,0,0,0,0,0,0,0,0,0,0,0,0,0.00,0.00,0.00,0.00,0.0,0.0,0.0,0.0,0.0,0.0,0,0,3,1,,,
199,Benitez,Walter Benítez,Crystal Palace,CRY,GKP,4.5,0.1,a,,,8,2.7,4.0,180,2,0,0,1,3,0,0,5,0,29,0,0.00,0.00,0.00,2.99,37.4,0.0,0.0,3.8,2.7,2.7,0,0,19,9,,,
386,Bettinelli,Marcus Bettinelli,Man City,MCI,GKP,4.5,0.0,a,,,0,0.0,0.0,0,0,0,0,0,0,0,0,0,0,0,0,0.00,0.00,0.00,0.00,0.0,0.0,0.0,0.0,0.0,0.0,0,0,5,7,,,
191,Borges Rodrigues,Raphael Borges Rodrigues,Coventry City,COV,MID,4.5,0.1,u,0,Has joined Burton Albion on loan for the rest of the season,0,0.0,0.0,0,0,0,0,0,0,0,0,0,0,0,0,0.00,0.00,0.00,0.00,0.0,0.0,0.0,0.0,0.0,0.0,0,0,0,22,,,
333,Bornauw,Sebastiaan Bornauw,Leeds,LEE,DEF,4.5,0.0,u,0,Has joined Hamburg SV on loan for the rest of the season,0,0.0,0.0,0,0,0,0,0,0,0,0,0,0,0,0,0.00,0.00,0.00,0.00,0.0,0.0,0.0,0.0,0.0,0.0,0,0,0,0,,,
114,Boscagli,Olivier Boscagli,Brighton,BHA,DEF,4.5,0.3,a,,,24,5.7,4.0,504,6,0,0,4,5,2,0,0,0,114,33,0.07,0.59,0.66,8.93,77.2,115.7,21.0,21.4,5.7,5.7,0,0,66,34,,,
50,Burrowes,Bradley Burrowes,Aston Villa,AVL,MID,4.5,0.5,a,,,0,0.0,0.0,0,0,0,0,0,0,0,0,0,0,0,0,0.00,0.00,0.00,0.00,0.0,0.0,0.0,0.0,0.0,0.0,0,0,38,130,,,
299,Burstow,Mason Burstow,Hull City,HUL,FWD,4.5,0.0,u,0,Has joined Sheffield Wednesday on loan for the rest of the season,0,0.0,0.0,0,0,0,0,0,0,0,0,0,0,0,0,0.00,0.00,0.00,0.00,0.0,0.0,0.0,0.0,0.0,0.0,0,0,0,3,,,
220,Cardines,Rio Cardines,Crystal Palace,CRY,DEF,4.5,0.0,u,0,Has joined Bristol City on loan for the rest of the season,0,0.0,0.0,0,0,0,0,0,0,0,0,0,0,0,0,0.00,0.00,0.00,0.00,0.0,0.0,0.0,0.0,0.0,0.0,0,0,0,0,,,
258,Castagne,Timothy Castagne,Fulham,FUL,DEF,4.5,1.3,a,,,20,2.3,4.0,408,5,0,2,2,7,2,0,0,0,64,29,0.67,0.39,1.06,6.81,90.4,58.6,57.0,20.6,2.3,2.3,0,0,244,346,,,
643,Chilwell,Ben Chilwell,Crystal Palace,CRY,DEF,4.5,0.4,a,,,8,0.3,4.0,29,0,1,0,0,1,0,0,0,0,21,1,0.27,0.01,0.28,1.12,33.4,4.2,21.0,5.9,0.3,0.3,0,0,34,123,,,
117,Coppola,Diego Coppola,Brighton,BHA,DEF,4.5,0.0,a,,,0,0.0,0.0,0,0,0,0,0,0,0,0,0,0,0,0,0.00,0.00,0.00,0.00,0.0,0.0,0.0,0.0,0.0,0.0,0,0,5,4,,,
119,Costinha,João Pedro Loureiro da Costa,Brighton,BHA,DEF,4.5,0.0,a,,,5,1.0,0.8,84,0,0,0,0,0,1,0,0,0,20,7,0.12,0.30,0.42,1.18,16.4,20.0,18.0,5.4,1.0,1.0,0,0,6,4,,,
604,Cresswell,Alfie Cresswell,Leeds,LEE,MID,4.5,0.1,a,,,0,0.0,0.0,0,0,0,0,0,0,0,0,0,0,0,0,0.00,0.00,0.00,0.00,0.0,0.0,0.0,0.0,0.0,0.0,0,0,18,27,,,
163,D.Essugo,Dário Luís Essugo,Chelsea,CHE,MID,4.5,0.1,u,0,Has joined RC Strasbourg on loan for the rest of the season,0,0.0,0.0,0,0,0,0,0,0,0,0,0,0,0,0,0.00,0.00,0.00,0.00,0.0,0.0,0.0,0.0,0.0,0.0,0,0,0,33,,,
382,Danns,Jayden Danns,Liverpool,LIV,FWD,4.5,0.2,a,100,,0,0.0,0.0,0,0,0,0,0,0,0,0,0,0,0,0,0.00,0.00,0.00,0.00,0.0,0.0,0.0,0.0,0.0,0.0,0,0,202,82,,,
325,Darlow,Karl Darlow,Man Utd,MUN,GKP,4.5,0.0,d,75,Unspecified injury - 75% chance of playing,0,0.0,0.0,0,0,0,0,0,0,0,0,0,0,0,0,0.00,0.00,0.00,0.00,0.0,0.0,0.0,0.0,0.0,0.0,0,0,1,16,,,
593,Dedić,Amar Dedic,Newcastle,NEW,DEF,4.5,1.5,d,50,Unspecified injury - 50% chance of playing,13,0.0,3.2,327,4,0,1,1,7,0,0,0,2,36,24,0.14,0.08,0.22,7.38,70.0,40.7,15.0,12.6,0.0,0.0,0,0,18,1024,,,3
298,Destan,Enis Destan,Hull City,HUL,FWD,4.5,0.2,u,0,Has joined Konyaspor permanently,0,0.0,0.0,0,0,0,0,0,0,0,0,0,0,0,0,0.00,0.00,0.00,0.00,0.0,0.0,0.0,0.0,0.0,0.0,0,0,0,49,,,
615,Di Gregorio,Michele Di Gregorio,Bournemouth,BOU,GKP,4.5,0.0,a,,,0,0.0,0.0,0,0,0,0,0,0,0,0,0,0,0,0,0.00,0.00,0.00,0.00,0.0,0.0,0.0,0.0,0.0,0.0,0,0,9,8,,,
30,Digne,Lucas Digne,Aston Villa,AVL,DEF,4.5,0.0,u,0,Has joined Paris Saint-Germain permanently,0,0.0,0.0,0,0,0,0,0,0,0,0,0,0,0,0,0.00,0.00,0.00,0.00,0.0,0.0,0.0,0.0,0.0,0.0,0,0,0,4,,,
620,Diouf,El Hadji Malick Diouf,Brentford,BRE,DEF,4.5,0.1,a,,,3,1.0,1.0,120,1,0,0,0,2,0,0,0,0,7,8,0.03,0.02,0.05,2.18,5.6,1.3,0.0,0.7,1.0,1.0,0,0,41,20,,,
153,Disasi,Axel Disasi,Crystal Palace,CRY,DEF,4.5,0.1,s,0,Suspended until 25 Oct,1,-1.0,0.3,139,2,0,0,0,6,0,1,0,0,-6,20,0.00,0.04,0.04,3.72,34.8,13.4,2.0,5.0,0.0,0.0,0,0,2,31,,,
116,Dunk,Lewis Dunk,Brighton,BHA,DEF,4.5,1.5,a,100,,23,4.3,4.6,384,4,1,0,2,5,1,0,0,1,84,27,0.03,0.09,0.12,7.23,116.2,14.6,11.0,14.3,4.3,4.3,0,0,357,395,,,3
598,Elvedi,Nico Elvedi,Leeds,LEE,DEF,4.5,0.1,a,,,14,3.0,2.8,411,4,0,0,1,5,0,0,0,0,56,34,0.12,0.58,0.70,7.75,83.0,25.4,39.0,14.8,3.0,3.0,0,0,15,8,,,
107,Furo,Kaye Furo,Brentford,BRE,FWD,4.5,0.8,i,0,Unspecified injury - Unknown return date,0,0.0,0.0,0,0,0,0,0,0,0,0,0,0,0,0,0.00,0.00,0.00,0.00,0.0,0.0,0.0,0.0,0.0,0.0,0,0,39,360,,,
51,George Hemmings,George Hemmings,Aston Villa,AVL,MID,4.5,1.1,a,,,9,0.7,1.8,297,4,0,0,1,7,0,0,0,0,34,19,0.07,0.16,0.23,6.26,25.2,42.1,25.0,9.1,0.7,0.7,0,0,127,353,,,
443,Gillespie,Mark Gillespie,Newcastle,NEW,GKP,4.5,0.0,a,,,0,0.0,0.0,0,0,0,0,0,0,0,0,0,0,0,0,0.00,0.00,0.00,0.00,0.0,0.0,0.0,0.0,0.0,0.0,0,0,0,3,,,
654,Graham,Braiden Graham,Everton,EVE,MID,4.5,0.1,a,,,0,0.0,0.0,0,0,0,0,0,0,0,0,0,0,0,0,0.00,0.00,0.00,0.00,0.0,0.0,0.0,0.0,0.0,0.0,0,0,14,30,,,
331,Gudmundsson,Gabriel Gudmundsson,Leeds,LEE,DEF,4.5,0.1,a,100,,18,5.3,4.5,342,4,0,1,2,3,0,0,0,0,82,18,0.07,0.26,0.33,6.41,38.6,29.5,8.0,7.7,5.3,5.3,0,0,212,8,,,
614,Hadjam,Jaouen Hadjam,Brighton,BHA,DEF,4.5,0.0,a,,,0,0.0,0.0,0,0,0,0,0,0,0,0,0,0,0,0,0.00,0.00,0.00,0.00,0.0,0.0,0.0,0.0,0.0,0.0,0,0,4,6,,,
630,Harwood-Bellis,Taylor Harwood-Bellis,Aston Villa,AVL,DEF,4.5,0.0,a,,,0,0.0,0.0,0,0,0,0,0,0,0,0,0,0,0,0,0.00,0.00,0.00,0.00,0.0,0.0,0.0,0.0,0.0,0.0,0,0,4,9,,,
148,Hato,Jorrel Hato,Chelsea,CHE,DEF,4.5,0.8,a,,,8,0.0,2.0,258,4,0,2,0,9,0,0,0,0,14,18,0.01,0.21,0.22,4.81,77.0,47.1,15.0,14.0,0.0,0.0,0,0,28,573,,,
90,Hickey,Aaron Hickey,Brentford,BRE,DEF,4.5,0.1,a,,,6,1.0,1.0,188,1,0,0,0,4,0,0,0,0,16,21,0.03,0.06,0.09,3.38,32.8,7.8,6.0,4.7,1.0,1.0,0,0,2,10,,,
132,Howell,Harry Howell,Brighton,BHA,MID,4.5,0.0,u,0,Has joined Leicester City on loan for the rest of the season,0,0.0,0.0,0,0,0,0,0,0,0,0,0,0,0,0,0.00,0.00,0.00,0.00,0.0,0.0,0.0,0.0,0.0,0.0,0,0,0,4,,,
602,Humphreys,Cameron Humphreys,Ipswich Town,IPS,MID,4.5,0.0,u,0,Has joined Huddersfield Town on loan for the rest of the season,0,0.0,0.0,0,0,0,0,0,0,0,0,0,0,0,0,0.00,0.00,0.00,0.00,0.0,0.0,0.0,0.0,0.0,0.0,0,0,0,13,,,
658,Ibrahim,Younes Ibrahim,Brighton,BHA,MID,4.5,0.0,a,,,0,0.0,0.0,0,0,0,0,0,0,0,0,0,0,0,0,0.00,0.00,0.00,0.00,0.0,0.0,0.0,0.0,0.0,0.0,0,0,16,9,,,
118,Igor,Igor Julio dos Santos de Paulo,Brighton,BHA,DEF,4.5,0.0,u,0,Has joined Burnley permanently,0,0.0,0.0,0,0,0,0,0,0,0,0,0,0,0,0,0.00,0.00,0.00,0.00,0.0,0.0,0.0,0.0,0.0,0.0,0,0,0,8,,,
651,J.Angulo,Juan Angulo,Sunderland,SUN,FWD,4.5,0.8,a,,,1,0.3,1.0,3,0,0,0,0,0,0,0,0,0,3,0,0.00,0.00,0.00,0.00,0.0,0.0,0.0,0.0,0.3,0.3,0,0,457,261,,,
255,J.Cuenca,Jorge Cuenca Barreno,Fulham,FUL,DEF,4.5,0.0,a,,,3,0.0,3.0,90,1,0,0,0,3,0,0,0,0,7,10,0.00,0.03,0.03,2.24,32.8,21.3,0.0,5.4,0.0,0.0,0,0,5,1,,,
474,Jair Cunha,Jair Paula da Cunha Filho,Nott'm Forest,NFO,DEF,4.5,0.2,a,100,,11,0.3,2.8,360,4,0,0,1,4,2,0,0,0,40,36,0.05,0.02,0.07,3.95,69.6,14.2,2.0,8.6,0.3,0.3,0,0,8,17,,,
468,John,John Victor Maciel Furtado,Nott'm Forest,NFO,GKP,4.5,0.1,a,,,0,0.0,0.0,0,0,0,0,0,0,0,0,0,0,0,0,0.00,0.00,0.00,0.00,0.0,0.0,0.0,0.0,0.0,0.0,0,0,3,7,,,
332,Justin,James Justin,Leeds,LEE,DEF,4.5,1.5,a,,,32,5.3,5.3,528,6,1,0,2,5,1,0,0,4,103,49,0.39,0.42,0.81,7.95,103.6,56.1,41.0,20.0,5.3,5.3,0,0,1121,142,,,
228,King,Tom King,Everton,EVE,GKP,4.5,0.0,a,,,0,0.0,0.0,0,0,0,0,0,0,0,0,0,0,0,0,0.00,0.00,0.00,0.00,0.0,0.0,0.0,0.0,0.0,0.0,0,0,1,6,,,
496,Kinsky,Antonín Kinský,Spurs,TOT,GKP,4.5,15.8,a,,,18,3.0,3.6,450,5,0,0,2,8,0,0,12,0,77,0,0.00,0.00,0.00,7.78,104.8,10.0,0.0,11.5,3.0,3.0,0,0,481,1028,,,
272,Kusi-Asare,Jonah Kusi-Asare,Fulham,FUL,FWD,4.5,5.1,a,,,0,0.0,0.0,0,0,0,0,0,0,0,0,0,0,0,0,0.00,0.00,0.00,0.00,0.0,0.0,0.0,0.0,0.0,0.0,0,0,661,975,,,
250,Leno,Bernd Leno,Fulham,FUL,GKP,4.5,4.0,a,,,27,7.0,4.5,536,6,0,0,2,8,0,0,19,4,108,0,0.00,0.00,0.00,9.78,127.6,0.0,0.0,12.8,7.0,7.0,0,0,901,154,,,
37,Lindelöf,Victor Lindelöf,Aston Villa,AVL,DEF,4.5,0.3,a,,,11,1.7,1.8,531,6,0,0,1,11,0,0,0,0,35,35,0.44,0.17,0.61,10.40,74.4,37.3,37.0,14.9,1.7,1.7,0,0,45,43,,,
607,Lynch,Luka Lynch,Aston Villa,AVL,MID,4.5,0.1,u,0,Has joined Oxford United on loan until January,0,0.0,0.0,0,0,0,0,0,0,0,0,0,0,0,0,0.00,0.00,0.00,0.00,0.0,0.0,0.0,0.0,0.0,0.0,0,0,0,16,,,
29,M.Bizot,Marco Bizot,Aston Villa,AVL,GKP,4.5,0.1,a,100,,1,0.0,1.0,90,1,0,0,0,4,0,0,3,0,1,0,0.00,0.00,0.00,3.77,28.2,0.0,0.0,2.8,0.0,0.0,0,0,10,18,,,
150,M.Sarr,Mamadou Sarr,Chelsea,CHE,DEF,4.5,0.0,u,0,Has joined Real Sociedad on loan for the rest of the season,0,0.0,0.0,0,0,0,0,0,0,0,0,0,0,0,0,0.00,0.00,0.00,0.00,0.0,0.0,0.0,0.0,0.0,0.0,0,0,0,8,,,
649,Maitland-Niles,Ainsley Maitland-Niles,Everton,EVE,DEF,4.5,1.5,a,,,21,4.7,7.0,177,2,1,0,2,1,0,0,0,2,75,13,0.06,0.25,0.31,2.00,67.2,38.8,8.0,11.4,4.7,4.7,0,0,218,282,,,
291,Matazo,Eliot Matazo,Hull City,HUL,MID,4.5,0.0,i,0,Knee injury - Unknown return date,0,0.0,0.0,0,0,0,0,0,0,0,0,0,0,0,0,0.00,0.00,0.00,0.00,0.0,0.0,0.0,0.0,0.0,0.0,0,0,2,3,,,
349,Mateo Joseph,Mateo Joseph Fernández-Regatillo,Leeds,LEE,FWD,4.5,0.1,i,0,Knee injury - Unknown return date,0,0.0,0.0,0,0,0,0,0,0,0,0,0,0,0,0,0.00,0.00,0.00,0.00,0.0,0.0,0.0,0.0,0.0,0.0,0,0,14,29,,,
612,Methalie,Dayann Méthalie,Sunderland,SUN,DEF,4.5,0.0,a,100,,0,0.0,0.0,101,1,0,0,0,5,1,0,0,0,-3,4,0.03,0.01,0.04,2.91,8.0,2.0,2.0,1.2,0.0,0.0,0,0,4,0,,,
541,Meunier,Thomas Meunier,Sunderland,SUN,DEF,4.5,0.3,a,100,,15,2.0,2.5,429,6,0,1,1,8,0,0,0,0,42,20,0.49,0.58,1.07,6.32,70.2,41.4,43.0,15.6,2.0,2.0,0,0,54,38,,,
169,Mheuka,Shumaira Mheuka,Chelsea,CHE,FWD,4.5,0.5,a,,,0,0.0,0.0,0,0,0,0,0,0,0,0,0,0,0,0,0.00,0.00,0.00,0.00,0.0,0.0,0.0,0.0,0.0,0.0,0,0,168,163,,,
659,Miley,Mason Miley,Newcastle,NEW,MID,4.5,0.0,a,,,0,0.0,0.0,0,0,0,0,0,0,0,0,0,0,0,0,0.00,0.00,0.00,0.00,0.0,0.0,0.0,0.0,0.0,0.0,0,0,73,37,,,
665,Mills,Michael Mills,Newcastle,NEW,MID,4.5,0.0,a,,,0,0.0,0.0,0,0,0,0,0,0,0,0,0,0,0,0,0.00,0.00,0.00,0.00,0.0,0.0,0.0,0.0,0.0,0.0,0,0,6,0,,,
33,Mings,Tyrone Mings,Aston Villa,AVL,DEF,4.5,0.4,a,,,11,1.3,2.2,342,3,0,0,1,6,1,0,0,0,41,30,0.20,0.02,0.22,5.61,59.8,5.6,17.0,8.2,1.3,1.3,0,0,52,46,,,
204,Mitchell,Tyrick Mitchell,Crystal Palace,CRY,DEF,4.5,6.0,a,,,24,2.7,4.8,419,5,2,0,1,10,0,0,0,3,68,25,0.77,0.26,1.03,8.34,128.2,67.9,62.0,25.8,2.7,2.7,0,0,283,743,,,
409,Mukasa,Divine Mukasa,Man City,MCI,MID,4.5,0.1,u,0,has joined West Ham on loan for the rest of the seaon.,0,0.0,0.0,0,0,0,0,0,0,0,0,0,0,0,0,0.00,0.00,0.00,0.00,0.0,0.0,0.0,0.0,0.0,0.0,0,0,0,17,,,
466,Neave,Sean Neave,Newcastle,NEW,FWD,4.5,0.5,u,0,Has joined Wolves on loan for the rest of the season,0,0.0,0.0,0,0,0,0,0,0,0,0,0,0,0,0,0.00,0.00,0.00,0.00,0.0,0.0,0.0,0.0,0.0,0.0,0,0,0,138,,,
662,Nicoll-Jazuli,Mahdi Nicoll-Jazuli,Chelsea,CHE,MID,4.5,0.0,a,,,1,0.5,1.0,3,0,0,0,0,1,0,0,0,0,5,2,0.00,0.00,0.00,0.43,4.6,1.7,0.0,0.6,0.5,0.5,0,0,3,8,,,
657,Nunes,Gustavo Nunes Fernandes Gomes,Brentford,BRE,MID,4.5,0.0,a,,,0,0.0,0.0,0,0,0,0,0,0,0,0,0,0,0,0,0.00,0.00,0.00,0.00,0.0,0.0,0.0,0.0,0.0,0.0,0,0,19,10,,,
441,Obi,Chido Obi,Man Utd,MUN,FWD,4.5,0.9,u,0,Has joined Willem II on loan for the rest of the season,0,0.0,0.0,0,0,0,0,0,0,0,0,0,0,0,0,0.00,0.00,0.00,0.00,0.0,0.0,0.0,0.0,0.0,0.0,0,0,0,390,,,
234,Patterson,Nathan Patterson,Everton,EVE,DEF,4.5,0.0,u,0,Has joined Torino permanently,0,0.0,0.0,0,0,0,0,0,0,0,0,0,0,0,0,0.00,0.00,0.00,0.00,0.0,0.0,0.0,0.0,0.0,0.0,0,0,0,5,,,
326,Perri,Lucas Estella Perri,Leeds,LEE,GKP,4.5,0.3,u,0,Has joined Torino on loan for the rest of the season,0,0.0,0.0,0,0,0,0,0,0,0,0,0,0,0,0,0.00,0.00,0.00,0.00,0.0,0.0,0.0,0.0,0.0,0.0,0,0,0,41,,,
57,Petrović,Đorđe Petrović,Bournemouth,BOU,GKP,4.5,2.9,a,,,9,1.0,1.5,535,6,0,0,0,13,0,0,12,0,36,0,0.00,0.00,0.00,8.03,92.2,0.0,0.0,9.2,1.0,1.0,0,0,104,297,,,
507,Phillips,Ashley Phillips,Spurs,TOT,DEF,4.5,0.0,u,0,Has joined Middlesbrough permanently,0,0.0,0.0,0,0,0,0,0,0,0,0,0,0,0,0,0.00,0.00,0.00,0.00,0.0,0.0,0.0,0.0,0.0,0.0,0,0,0,0,,,
91,Pinnock,Ethan Pinnock,Coventry City,COV,DEF,4.5,0.1,a,,,14,3.3,3.5,282,3,0,0,1,7,1,0,0,0,15,44,0.12,0.00,0.12,6.57,90.8,1.7,10.0,10.3,3.3,3.3,0,0,20,7,,,
254,Robinson,Antonee Robinson,Fulham,FUL,DEF,4.5,1.4,d,75,Ankle injury - 75% chance of playing,12,2.7,2.4,429,5,0,0,1,8,0,0,0,0,65,31,0.26,0.30,0.56,9.08,93.6,106.7,18.0,21.8,2.0,2.0,0,0,39,677,2,,
596,Ruggeri,Matteo Ruggeri,Aston Villa,AVL,DEF,4.5,0.1,a,,,6,1.3,1.5,158,2,0,0,0,3,0,0,0,0,17,21,0.03,0.02,0.05,2.58,26.0,14.1,1.0,4.1,1.3,1.3,0,0,11,10,,,
110,Rushworth,Carl Rushworth,Coventry City,COV,GKP,4.5,0.7,a,,,16,3.7,3.2,450,5,0,1,1,10,0,0,9,2,56,0,0.00,0.02,0.02,8.63,90.6,10.0,0.0,10.1,3.7,3.7,0,0,44,57,,,
664,Salia,Vakhtang Salia,Newcastle,NEW,FWD,4.5,0.2,a,,,0,0.0,0.0,0,0,0,0,0,0,0,0,0,0,0,0,0.00,0.00,0.00,0.00,0.0,0.0,0.0,0.0,0.0,0.0,0,0,749,116,,,
653,Samba,Floyd Samba,Man City,MCI,MID,4.5,0.0,a,,,0,0.0,0.0,0,0,0,0,0,0,0,0,0,0,0,0,0.00,0.00,0.00,0.00,0.0,0.0,0.0,0.0,0.0,0.0,0,0,18,13,,,
475,Savona,Nicolò Savona,Nott'm Forest,NFO,DEF,4.5,0.0,i,0,Knee injury - Unknown return date,0,0.0,0.0,0,0,0,0,0,0,0,0,0,0,0,0,0.00,0.00,0.00,0.00,0.0,0.0,0.0,0.0,0.0,0.0,0,0,1,0,,,
528,Scarlett,Dane Scarlett,Spurs,TOT,FWD,4.5,1.0,u,0,Has joined Leyton Orient permanently,0,0.0,0.0,0,0,0,0,0,0,0,0,0,0,0,0,0.00,0.00,0.00,0.00,0.0,0.0,0.0,0.0,0.0,0.0,0,0,0,294,,,
564,Scherpen,Kjell Scherpen,Ipswich Town,IPS,GKP,4.5,0.5,a,,,7,0.3,1.8,360,4,0,0,0,10,0,0,15,0,40,0,0.00,0.01,0.01,6.74,103.6,0.0,0.0,10.3,0.3,0.3,0,0,9,78,,,
93,Schuster,Jannik Schuster,Brentford,BRE,DEF,4.5,0.6,a,,,22,6.0,5.5,298,3,0,1,1,4,0,0,0,3,59,44,0.10,0.54,0.64,5.43,92.4,11.5,16.0,12.0,6.0,6.0,0,0,402,162,,,
537,Seelt,Jenson Seelt,Sunderland,SUN,DEF,4.5,0.0,u,0,Has joined Swansea City on loan for the rest of the season,0,0.0,0.0,0,0,0,0,0,0,0,0,0,0,0,0,0.00,0.00,0.00,0.00,0.0,0.0,0.0,0.0,0.0,0.0,0,0,0,0,,,
290,Slater,Regan Slater,Hull City,HUL,MID,4.5,5.1,a,,,15,1.3,3.0,437,5,0,1,3,4,1,0,0,0,67,33,0.21,0.59,0.80,7.27,62.2,85.1,26.0,17.4,1.3,1.3,0,0,611,1042,,1,
64,Smith,Adam Smith,Bournemouth,BOU,DEF,4.5,0.1,a,,,4,0.7,0.7,505,6,0,0,0,13,3,0,0,0,0,23,0.01,0.14,0.15,7.78,43.6,44.4,4.0,9.1,0.7,0.7,0,0,18,13,,,
205,Sosa,Borna Sosa,Crystal Palace,CRY,DEF,4.5,0.0,u,0,Has joined FC Cologne on loan for the rest of the season,0,0.0,0.0,0,0,0,0,0,0,0,0,0,0,0,0,0.00,0.00,0.00,0.00,0.0,0.0,0.0,0.0,0.0,0.0,0,0,0,2,,,
505,Spence,Djed Spence,Spurs,TOT,DEF,4.5,0.2,u,0,Has joined Internazionale permanently,0,0.0,0.0,0,0,0,0,0,0,0,0,0,0,0,0,0.00,0.00,0.00,0.00,0.0,0.0,0.0,0.0,0.0,0.0,0,0,0,46,,,
666,Thompson,Kyran Thompson,Newcastle,NEW,MID,4.5,0.0,a,,,0,0.0,0.0,0,0,0,0,0,0,0,0,0,0,0,0,0.00,0.00,0.00,0.00,0.0,0.0,0.0,0.0,0.0,0.0,0,0,12,3,,,
83,Valdimarsson,Hákon Rafn Valdimarsson,Brentford,BRE,GKP,4.5,0.1,a,,,0,0.0,0.0,0,0,0,0,0,0,0,0,0,0,0,0,0.00,0.00,0.00,0.00,0.0,0.0,0.0,0.0,0.0,0.0,0,0,9,5,,,
554,Van Oevelen,Kayne van Oevelen,Ipswich Town,IPS,GKP,4.5,0.0,u,0,Has joined Valencia on loan for the rest of the season,0,0.0,0.0,0,0,0,0,0,0,0,0,0,0,0,0,0.00,0.00,0.00,0.00,0.0,0.0,0.0,0.0,0.0,0.0,0,0,0,1,,,
109,Verbruggen,Bart Verbruggen,Brighton,BHA,GKP,4.5,21.3,a,,,32,7.7,5.3,534,6,0,0,4,5,0,0,15,2,134,0,0.00,0.20,0.20,9.31,113.8,3.0,0.0,11.7,7.7,7.7,0,0,1682,1171,,,
494,Vicario,Guglielmo Vicario,Spurs,TOT,GKP,4.5,0.1,u,0,Has joined Juventus on loan for the rest of the season,0,0.0,0.0,0,0,0,0,0,0,0,0,0,0,0,0,0.00,0.00,0.00,0.00,0.0,0.0,0.0,0.0,0.0,0.0,0,0,0,14,,,
396,Vitor Reis,Vitor de Oliveira Nunes dos Reis,Man City,MCI,DEF,4.5,0.0,a,,,1,0.0,1.0,1,0,0,0,0,0,0,0,0,0,3,0,0.00,0.00,0.00,0.00,1.2,0.9,0.0,0.2,0.0,0.0,0,0,3,8,,,
321,Walle Egeli,Sindre Walle Egeli,Ipswich Town,IPS,FWD,4.5,3.5,a,,,2,0.3,1.0,15,0,0,0,0,0,0,0,0,0,6,0,0.00,0.00,0.00,0.03,0.0,0.1,0.0,0.0,0.3,0.3,0,0,749,939,,,
611,Wan-Bissaka,Aaron Wan-Bissaka,Aston Villa,AVL,DEF,4.5,0.2,a,,,7,1.7,1.4,188,2,0,0,0,3,0,0,0,0,26,24,0.00,0.07,0.07,3.92,42.8,16.4,0.0,5.9,1.7,1.7,0,0,75,60,,,
601,Williams-Barnett,Luca Williams-Barnett,Spurs,TOT,MID,4.5,0.1,a,,,0,0.0,0.0,0,0,0,0,0,0,0,0,0,0,0,0,0.00,0.00,0.00,0.00,0.0,0.0,0.0,0.0,0.0,0.0,0,0,14,22,,,
605,Yalcouyé,Malick Yalcouyé,Brighton,BHA,MID,4.5,3.9,a,,,21,3.3,3.5,252,3,2,0,1,4,0,0,0,1,102,24,1.46,0.45,1.91,6.73,109.2,70.3,111.0,29.1,3.3,3.3,0,0,1016,1670,,,
294,Zambrano,Óscar Zambrano,Hull City,HUL,MID,4.5,0.1,a,100,,0,0.0,0.0,0,0,0,0,0,0,0,0,0,0,0,0,0.00,0.00,0.00,0.00,0.0,0.0,0.0,0.0,0.0,0.0,0,0,2,25,,,
473,Aina,Ola Aina,Nott'm Forest,NFO,DEF,4.4,2.1,a,,,8,0.7,2.0,306,4,0,0,1,3,2,0,0,0,45,22,0.04,0.53,0.57,3.72,58.2,53.3,15.0,12.7,0.7,0.7,0,-1,39,674,,,
437,Bendito Mantato,Bendito Mantato,Man Utd,MUN,MID,4.4,0.2,a,,,0,0.0,0.0,0,0,0,0,0,0,0,0,0,0,0,0,0.00,0.00,0.00,0.00,0.0,0.0,0.0,0.0,0.0,0.0,0,-1,44,38,,,
274,Butland,Jack Butland,Hull City,HUL,GKP,4.4,0.1,i,0,Arm injury - Unknown return date,0,0.0,0.0,0,0,0,0,0,0,0,0,0,0,0,0,0.00,0.00,0.00,0.00,0.0,0.0,0.0,0.0,0.0,0.0,0,-1,1,10,,,
32,Cash,Matty Cash,Aston Villa,AVL,DEF,4.4,4.6,a,100,,6,-0.3,1.2,377,4,0,0,1,9,3,0,0,0,17,22,0.15,0.05,0.20,7.13,36.4,22.3,13.0,7.2,-0.3,-0.3,0,-1,137,735,,3,
289,Crooks,Matt Crooks,Hull City,HUL,MID,4.4,0.5,a,100,,3,0.3,1.0,203,3,0,0,1,4,3,0,0,0,17,21,0.00,0.12,0.12,3.57,37.8,17.3,0.0,5.4,0.3,0.3,0,-1,201,112,,,
288,Dowell,Kieran Dowell,Hull City,HUL,MID,4.4,0.3,a,,,0,0.0,0.0,0,0,0,0,0,0,0,0,0,0,0,0,0.00,0.00,0.00,0.00,0.0,0.0,0.0,0.0,0.0,0.0,0,-1,28,45,,,
221,Drakes-Thomas,Joél Drakes-Thomas,Crystal Palace,CRY,MID,4.4,0.1,a,,,0,0.0,0.0,0,0,0,0,0,0,0,0,0,0,0,0,0.00,0.00,0.00,0.00,0.0,0.0,0.0,0.0,0.0,0.0,0,-1,8,3,,,
531,Ellborg,Melker Ellborg,Sunderland,SUN,GKP,4.4,0.1,a,,,0,0.0,0.0,0,0,0,0,0,0,0,0,0,0,0,0,0.00,0.00,0.00,0.00,0.0,0.0,0.0,0.0,0.0,0.0,0,-1,9,4,,,
113,F.Kadıoğlu,Ferdi Kadıoğlu,Brighton,BHA,DEF,4.4,1.5,a,100,,20,6.0,4.0,416,5,0,0,3,5,1,0,0,1,69,18,0.12,0.14,0.26,8.19,31.2,58.1,32.0,12.2,6.0,6.0,0,-1,214,267,,3,
438,Fletcher,Tyler Fletcher,Man Utd,MUN,MID,4.4,0.3,a,,,0,0.0,0.0,0,0,0,0,0,0,0,0,0,0,0,0,0.00,0.00,0.00,0.00,0.0,0.0,0.0,0.0,0.0,0.0,0,-1,40,69,,,
297,Gyabi,Darko Gyabi,Hull City,HUL,MID,4.4,0.0,i,0,Thigh injury - Unknown return date,0,0.0,0.0,0,0,0,0,0,0,0,0,0,0,0,0,0.00,0.00,0.00,0.00,0.0,0.0,0.0,0.0,0.0,0.0,0,-1,2,3,,,
89,Henry,Rico Henry,Brentford,BRE,DEF,4.4,0.2,a,,,1,0.0,1.0,2,0,0,0,0,0,0,0,0,0,3,0,0.00,0.00,0.00,0.00,0.0,0.0,0.0,0.0,0.0,0.0,0,-1,12,17,,,
212,Hughes,Will Hughes,Crystal Palace,CRY,MID,4.4,6.8,a,,,2,0.3,1.0,29,0,0,0,0,1,0,0,0,0,9,7,0.00,0.04,0.04,1.12,8.0,15.3,0.0,2.4,0.3,0.3,0,-1,377,1133,,4,
65,J.Araujo,Julián Araujo Zúñiga,Bournemouth,BOU,DEF,4.4,0.0,i,0,Thigh injury - Unknown return date,0,0.0,0.0,0,0,0,0,0,0,0,0,0,0,0,0,0.00,0.00,0.00,0.00,0.0,0.0,0.0,0.0,0.0,0.0,0,-1,0,1,,,
444,Jaouen,Ewen Jaouen,Newcastle,NEW,GKP,4.4,0.0,i,0,Hamstring injury - Unknown return date,0,0.0,0.0,0,0,0,0,0,0,0,0,0,0,0,0,0.00,0.00,0.00,0.00,0.0,0.0,0.0,0.0,0.0,0.0,0,-1,1,2,,,
92,Ji-soo,Kim Ji-soo,Brentford,BRE,DEF,4.4,0.0,a,,,0,0.0,0.0,0,0,0,0,0,0,0,0,0,0,0,0,0.00,0.00,0.00,0.00,0.0,0.0,0.0,0.0,0.0,0.0,0,-1,3,6,,,
395,Lewis,Rico Lewis,Man City,MCI,DEF,4.4,0.2,a,,,1,0.0,1.0,56,1,0,0,0,1,0,0,0,0,-1,2,0.17,0.02,0.19,0.55,3.8,3.8,39.0,4.7,0.0,0.0,0,-1,13,32,,,
36,Maatsen,Ian Maatsen,Aston Villa,AVL,DEF,4.4,0.4,i,0,Ankle injury - Unknown return date,9,0.3,2.2,335,4,0,0,1,7,1,0,0,1,22,24,0.28,0.45,0.73,6.54,34.8,24.5,43.0,10.2,0.0,0.0,0,-1,0,234,,,
422,Mazraoui,Noussair Mazraoui,Man Utd,MUN,DEF,4.4,0.5,d,75,Back injury - 75% chance of playing,3,0.0,1.0,97,1,0,0,0,4,0,0,0,0,6,6,0.22,0.06,0.28,2.08,21.0,31.2,11.0,6.4,0.0,0.0,0,-1,3,288,,,
621,McAidoo,Ryan McAidoo,Man City,MCI,MID,4.4,0.1,a,,,2,0.0,1.0,11,0,0,0,0,0,0,0,0,0,8,4,0.10,0.00,0.10,0.02,5.2,0.5,3.0,0.8,0.0,0.0,0,-1,88,40,,,
323,McAteer,Kasey McAteer,Ipswich Town,IPS,MID,4.4,1.0,a,,,3,0.0,1.0,42,0,0,0,0,0,0,0,0,0,12,5,0.05,0.00,0.05,0.21,4.6,1.8,7.0,1.4,0.0,0.0,0,-1,129,193,,,
378,McConnell,James McConnell,Liverpool,LIV,MID,4.4,0.2,a,,,0,0.0,0.0,0,0,0,0,0,0,0,0,0,0,0,0,0.00,0.00,0.00,0.00,0.0,0.0,0.0,0.0,0.0,0.0,0,-1,24,46,,,
478,Netz,Luca Netz,Nott'm Forest,NFO,DEF,4.4,0.0,a,,,3,0.3,1.0,27,0,0,0,0,1,0,0,0,0,8,1,0.00,0.02,0.02,0.13,6.0,17.5,2.0,2.6,0.3,0.3,0,-1,4,3,,,
524,Olusesi,Callum Olusesi,Spurs,TOT,MID,4.4,0.9,a,,,0,0.0,0.0,0,0,0,0,0,0,0,0,0,0,0,0,0.00,0.00,0.00,0.00,0.0,0.0,0.0,0.0,0.0,0.0,0,-1,54,257,,,
134,Oriola,Nehemiah Oriola,Brighton,BHA,MID,4.4,0.2,a,,,0,0.0,0.0,0,0,0,0,0,0,0,0,0,0,0,0,0.00,0.00,0.00,0.00,0.0,0.0,0.0,0.0,0.0,0.0,0,-1,87,46,,,
34,Pau,Pau Torres,Aston Villa,AVL,DEF,4.4,0.3,a,100,,3,0.3,1.0,187,3,0,0,0,5,0,0,0,0,-4,9,0.00,0.01,0.01,4.79,11.2,1.9,2.0,1.5,0.2,0.3,0,-1,3,66,,,
560,Penders,Mike Penders,Chelsea,CHE,GKP,4.4,0.1,a,,,0,0.0,0.0,0,0,0,0,0,0,0,0,0,0,0,0,0.00,0.00,0.00,0.00,0.0,0.0,0.0,0.0,0.0,0.0,0,-1,9,17,,,
270,Reed,Harrison Reed,Fulham,FUL,MID,4.4,1.1,a,,,0,0.0,0.0,0,0,0,0,0,0,0,0,0,0,0,0,0.00,0.00,0.00,0.00,0.0,0.0,0.0,0.0,0.0,0.0,0,-1,101,227,,,
536,Reinildo,Reinildo Mandava,Sunderland,SUN,DEF,4.4,0.2,a,100,,9,0.0,1.8,432,5,0,0,1,6,0,1,0,0,51,36,0.00,0.33,0.33,5.89,53.8,36.4,6.0,9.5,0.0,0.0,0,-1,7,27,,,
502,Robertson,Andrew Robertson,Spurs,TOT,DEF,4.4,2.4,a,,,17,3.7,3.4,366,4,0,1,1,7,0,0,0,1,68,20,0.13,0.43,0.56,7.05,89.6,123.9,41.0,25.4,3.7,3.7,0,-1,298,316,,6,
573,Sanchez,Juanlu Sánchez,Bournemouth,BOU,DEF,4.4,0.2,a,,,1,0.3,1.0,13,0,0,0,0,0,0,0,0,0,4,0,0.00,0.00,0.00,0.00,0.0,0.0,0.0,0.0,0.3,0.3,0,-1,9,13,,,
189,Shepherd,George Shepherd,Coventry City,COV,MID,4.4,0.3,a,,,0,0.0,0.0,0,0,0,0,0,0,0,0,0,0,0,0,0.00,0.00,0.00,0.00,0.0,0.0,0.0,0.0,0.0,0.0,0,-1,40,66,,,
312,Taylor,Jack Taylor,Ipswich Town,IPS,MID,4.4,0.0,a,100,,0,0.0,0.0,0,0,0,0,0,0,0,0,0,0,0,0,0.00,0.00,0.00,0.00,0.0,0.0,0.0,0.0,0.0,0.0,0,-1,35,11,,,
256,Tete,Kenny Tete,Fulham,FUL,DEF,4.4,0.2,a,100,,6,2.0,3.0,113,1,0,0,1,0,1,0,0,0,23,9,0.00,0.06,0.06,1.32,1.6,0.3,2.0,0.4,2.0,2.0,0,-1,17,3,,,
577,Tomiyasu,Takehiro Tomiyasu,Crystal Palace,CRY,DEF,4.4,0.2,i,0,Calf injury - Expected back 18 Oct,3,0.3,0.8,189,2,0,0,0,5,0,0,0,0,10,17,0.00,0.03,0.03,3.98,35.8,15.6,8.0,6.0,0.0,0.0,0,-1,0,115,,,
147,Tosin,Tosin Adarabioyo,Spurs,TOT,DEF,4.4,0.1,a,,,1,0.3,1.0,5,0,0,0,0,0,0,0,0,0,5,4,0.00,0.00,0.00,0.03,9.0,0.2,0.0,0.9,0.3,0.3,0,-1,9,15,,,
506,Udogie,Destiny Udogie,Spurs,TOT,DEF,4.4,0.3,a,100,,7,0.0,2.3,86,1,0,0,1,1,1,0,0,0,21,4,0.00,0.23,0.23,1.17,9.8,13.5,4.0,2.7,0.0,0.0,0,-1,30,35,,,
300,Walton,Christian Walton,Ipswich Town,IPS,GKP,4.4,0.4,a,,,4,1.3,2.0,176,2,0,0,0,2,0,0,3,0,21,0,0.00,0.01,0.01,3.84,12.0,0.0,0.0,1.2,1.3,1.3,0,-1,71,21,,,
172,Wilson,Ben Wilson,Coventry City,COV,GKP,4.4,0.3,a,,,0,0.0,0.0,0,0,0,0,0,0,0,0,0,0,0,0,0.00,0.00,0.00,0.00,0.0,0.0,0.0,0.0,0.0,0.0,0,-1,4,22,,,
489,Yates,Ryan Yates,Nott'm Forest,NFO,MID,4.4,1.1,a,100,,0,0.0,0.0,0,0,0,0,0,0,0,0,0,0,0,0,0.00,0.00,0.00,0.00,0.0,0.0,0.0,0.0,0.0,0.0,0,-1,203,210,,,
626,Zepa,Macaulay Zepa,Fulham,FUL,MID,4.4,0.3,a,,,0,0.0,0.0,0,0,0,0,0,0,0,0,0,0,0,0,0.00,0.00,0.00,0.00,0.0,0.0,0.0,0.0,0.0,0.0,0,-1,446,112,,,
206,Chadi Riad,Chadi Riad Dnanou,Crystal Palace,CRY,DEF,4.3,0.0,i,0,Knee injury - Unknown return date,1,0.0,1.0,72,1,0,0,0,2,0,0,0,0,7,7,0.00,0.01,0.01,0.98,12.6,1.3,0.0,1.4,0.0,0.0,0,-2,1,2,,,
421,Heaven,Ayden Heaven,Man Utd,MUN,DEF,4.3,0.3,a,,,1,0.0,1.0,90,1,0,0,0,2,0,0,0,0,5,2,0.12,0.04,0.16,1.01,6.8,2.6,11.0,2.0,0.0,0.0,0,-2,17,49,,,
534,Hume,Trai Hume,Sunderland,SUN,DEF,4.3,2.4,a,,,12,1.0,2.4,290,3,0,0,1,3,0,0,0,0,56,20,0.14,0.32,0.46,5.50,32.2,59.0,23.0,11.5,1.0,1.0,0,-2,50,562,,3,
207,Mingueza,Oscar Mingueza,Crystal Palace,CRY,DEF,4.3,0.1,a,,,2,0.0,1.0,16,0,0,0,0,1,0,0,0,0,5,2,0.00,0.00,0.00,0.33,3.2,0.4,0.0,0.3,0.0,0.0,0,-2,10,14,,,
329,Rodon,Joe Rodon,Leeds,LEE,DEF,4.3,0.6,i,0,Hamstring injury - Expected back 21 Nov,7,0.0,3.5,123,2,0,0,1,0,0,0,0,0,25,11,0.03,0.06,0.09,1.01,23.0,14.7,7.0,4.5,0.0,0.0,0,-2,3,240,,,
269,Sessegnon,Ryan Sessegnon,Fulham,FUL,DEF,4.3,0.3,a,100,,18,5.0,4.5,136,1,1,0,1,1,0,0,0,3,52,8,0.26,0.45,0.71,2.47,17.2,26.3,31.0,7.5,5.0,5.0,0,-2,149,17,,3,
423,Shaw,Luke Shaw,Man Utd,MUN,DEF,4.3,7.0,a,100,,9,0.7,2.2,335,4,0,1,0,5,1,0,0,0,54,23,0.03,0.58,0.61,4.63,92.6,91.6,17.0,20.1,0.7,0.7,0,-2,228,1202,,3,
279,Ajayi,Semi Ajayi,Hull City,HUL,DEF,4.2,14.0,a,100,,27,0.7,5.4,423,5,1,0,3,4,1,0,0,2,79,27,0.66,0.01,0.67,6.43,85.6,4.2,51.0,14.1,0.7,0.7,0,2,1101,2247,,,
277,Egan,John Egan,Hull City,HUL,DEF,4.1,7.5,a,,,26,1.0,5.2,437,5,0,0,3,4,1,0,0,1,71,59,0.05,0.00,0.05,7.27,110.8,1.3,21.0,13.4,1.0,1.0,0,1,532,1047,,,
586,Mendy,Nobel Mendy,Hull City,HUL,DEF,4.1,6.2,a,100,,25,0.3,6.2,249,4,1,0,2,1,0,0,0,1,69,39,0.32,0.00,0.32,4.02,108.2,1.4,54.0,16.4,0.3,0.3,0,1,304,697,,,
38,A.García,Andrés García,Aston Villa,AVL,DEF,4.0,1.5,a,,,0,0.0,0.0,0,0,0,0,0,0,0,0,0,0,0,0,0.00,0.00,0.00,0.00,0.0,0.0,0.0,0.0,0.0,0.0,0,0,89,203,,,
451,A.Murphy,Alex Murphy,Newcastle,NEW,DEF,4.0,0.1,u,0,Has joined FC Kaiserslautern on loan for the rest of the season,0,0.0,0.0,0,0,0,0,0,0,0,0,0,0,0,0,0.00,0.00,0.00,0.00,0.0,0.0,0.0,0.0,0.0,0.0,0,0,0,12,,,
477,Abbott,Zach Abbott,Nott'm Forest,NFO,DEF,4.0,0.1,u,0,Has joined Southampton on loan for the rest of the season,0,0.0,0.0,0,0,0,0,0,0,0,0,0,0,0,0,0.00,0.00,0.00,0.00,0.0,0.0,0.0,0.0,0.0,0.0,0,0,0,27,,,
424,Amass,Harry Amass,Man Utd,MUN,DEF,4.0,0.2,a,,,0,0.0,0.0,0,0,0,0,0,0,0,0,0,0,0,0,0.00,0.00,0.00,0.00,0.0,0.0,0.0,0.0,0.0,0.0,0,0,25,22,,,
182,Amenda,Aurèle Amenda,Coventry City,COV,DEF,4.0,0.5,i,0,Calf injury - Unknown return date,4,0.0,1.0,360,4,0,0,0,10,1,0,0,0,-3,24,0.02,0.39,0.41,7.53,62.8,14.5,15.0,9.4,0.0,0.0,0,0,1,230,,,
495,Austin,Brandon Austin,Spurs,TOT,GKP,4.0,1.0,a,,,0,0.0,0.0,0,0,0,0,0,0,0,0,0,0,0,0,0.00,0.00,0.00,0.00,0.0,0.0,0.0,0.0,0.0,0.0,0,0,67,46,,,
235,Aznou,Adam Aznou,Everton,EVE,DEF,4.0,0.1,u,0,Has joined Malaga on loan for the rest of the season,0,0.0,0.0,0,0,0,0,0,0,0,0,0,0,0,0,0.00,0.00,0.00,0.00,0.0,0.0,0.0,0.0,0.0,0.0,0,0,0,23,,,
661,Balcombe,Ellery Balcombe,Brentford,BRE,GKP,4.0,0.1,a,,,0,0.0,0.0,0,0,0,0,0,0,0,0,0,0,0,0,0.00,0.00,0.00,0.00,0.0,0.0,0.0,0.0,0.0,0.0,0,0,62,14,,,
623,Bentley,Dan Bentley,Coventry City,COV,GKP,4.0,0.9,a,,,0,0.0,0.0,0,0,0,0,0,0,0,0,0,0,0,0,0.00,0.00,0.00,0.00,0.0,0.0,0.0,0.0,0.0,0.0,0,0,99,32,,,
178,Bidwell,Jake Bidwell,Coventry City,COV,DEF,4.0,0.1,a,,,0,0.0,0.0,0,0,0,0,0,0,0,0,0,0,0,0,0.00,0.00,0.00,0.00,0.0,0.0,0.0,0.0,0.0,0.0,0,0,9,8,,,
479,Bindon,Tyler Bindon,Nott'm Forest,NFO,DEF,4.0,0.1,u,0,Has joined Charlton Athletic on loan for the rest of the season,0,0.0,0.0,0,0,0,0,0,0,0,0,0,0,0,0,0.00,0.00,0.00,0.00,0.0,0.0,0.0,0.0,0.0,0.0,0,0,0,24,,,
622,Braithwaite,Kaden Braithwaite,Man City,MCI,DEF,4.0,0.2,a,,,1,0.0,1.0,1,0,0,0,0,0,0,0,0,0,3,0,0.00,0.00,0.00,0.00,0.6,0.8,0.0,0.1,0.0,0.0,0,0,30,43,,,
181,Brau,Miguel Brau,Coventry City,COV,DEF,4.0,0.0,u,0,Has joined Academico de Viseu on loan for the rest of the season,0,0.0,0.0,0,0,0,0,0,0,0,0,0,0,0,0,0.00,0.00,0.00,0.00,0.0,0.0,0.0,0.0,0.0,0.0,0,0,0,11,,,
302,Button,David Button,Ipswich Town,IPS,GKP,4.0,0.6,a,,,0,0.0,0.0,0,0,0,0,0,0,0,0,0,0,0,0,0.00,0.00,0.00,0.00,0.0,0.0,0.0,0.0,0.0,0.0,0,0,21,23,,,
509,Byfield,Jun'ai Byfield,Spurs,TOT,DEF,4.0,0.1,a,,,0,0.0,0.0,0,0,0,0,0,0,0,0,0,0,0,0,0.00,0.00,0.00,0.00,0.0,0.0,0.0,0.0,0.0,0.0,0,0,6,4,,,
625,Cairns,Alex Cairns,Leeds,LEE,GKP,4.0,0.2,a,,,0,0.0,0.0,0,0,0,0,0,0,0,0,0,0,0,0,0.00,0.00,0.00,0.00,0.0,0.0,0.0,0.0,0.0,0.0,0,0,14,16,,,
275,Cartwright,Harvey Cartwright,Hull City,HUL,GKP,4.0,0.0,u,0,Has joined Grimsby Town on loan for the rest of the season,0,0.0,0.0,0,0,0,0,0,0,0,0,0,0,0,0,0.00,0.00,0.00,0.00,0.0,0.0,0.0,0.0,0.0,0.0,0,0,0,0,,,
280,Coyle,Lewie Coyle,Hull City,HUL,DEF,4.0,0.7,a,100,,14,0.7,2.8,348,5,0,0,2,4,1,0,0,0,49,11,0.13,0.07,0.20,6.22,24.0,29.9,11.0,6.5,0.7,0.7,0,0,83,63,,,
176,Dasilva,Jay Dasilva,Coventry City,COV,DEF,4.0,0.8,a,,,20,5.0,4.0,444,5,1,0,1,10,0,0,0,3,54,23,0.50,0.52,1.02,8.63,110.6,67.7,35.0,21.5,5.0,5.0,0,0,263,72,,,
355,Davies,Harvey Davies,Liverpool,LIV,GKP,4.0,0.2,a,,,0,0.0,0.0,0,0,0,0,0,0,0,0,0,0,0,0,0.00,0.00,0.00,0.00,0.0,0.0,0.0,0.0,0.0,0.0,0,0,11,13,,,
305,Davis,Leif Davis,Ipswich Town,IPS,DEF,4.0,7.7,a,,,26,5.7,4.3,536,6,2,2,0,12,1,0,0,1,53,28,1.64,0.47,2.11,10.58,144.8,61.9,117.0,32.5,5.7,5.7,0,0,1327,1003,,,2
610,De Fougerolles,Luc De Fougerolles,Fulham,FUL,DEF,4.0,0.1,u,0,has joined  Real Salt Lake on loan for the rest of the seaon.,0,0.0,0.0,0,0,0,0,0,0,0,0,0,0,0,0,0.00,0.00,0.00,0.00,0.0,0.0,0.0,0.0,0.0,0.0,0,0,0,18,,,
59,Dennis,Will Dennis,Bournemouth,BOU,GKP,4.0,0.1,u,0,Has joined MK Dons permanently,0,0.0,0.0,0,0,0,0,0,0,0,0,0,0,0,0,0.00,0.00,0.00,0.00,0.0,0.0,0.0,0.0,0.0,0.0,0,0,0,12,,,
259,Diop,Issa Diop,Ipswich Town,IPS,DEF,4.0,11.9,a,,,14,2.3,2.3,536,6,0,0,0,12,0,0,0,0,65,51,0.10,0.17,0.27,10.58,121.6,24.2,9.0,15.5,2.3,2.3,0,0,262,1498,,,
171,Dovin,Oliver Dovin,Coventry City,COV,GKP,4.0,0.9,u,0,Has joined Leyton Orient on loan for the rest of the season,0,0.0,0.0,0,0,0,0,0,0,0,0,0,0,0,0,0.00,0.00,0.00,0.00,0.0,0.0,0.0,0.0,0.0,0.0,0,0,0,154,,,
281,Drameh,Cody Drameh,Hull City,HUL,DEF,4.0,0.0,u,0,Has joined Genoa permanently,2,0.0,1.0,65,0,0,0,0,0,0,0,0,0,8,6,0.05,0.00,0.05,0.87,6.4,0.4,1.0,0.8,0.0,0.0,0,0,0,7,,,
497,Dubravka,Martin Dubravka,Spurs,TOT,GKP,4.0,17.0,a,,,0,0.0,0.0,0,0,0,0,0,0,0,0,0,0,0,0,0.00,0.00,0.00,0.00,0.0,0.0,0.0,0.0,0.0,0.0,0,0,511,996,,,
58,Forster,Fraser Forster,Bournemouth,BOU,GKP,4.0,3.5,a,,,0,0.0,0.0,0,0,0,0,0,0,0,0,0,0,0,0,0.00,0.00,0.00,0.00,0.0,0.0,0.0,0.0,0.0,0.0,0,0,225,172,,,
660,Fredrick,Benjamin Fredrick,Brentford,BRE,DEF,4.0,0.0,a,,,0,0.0,0.0,0,0,0,0,0,0,0,0,0,0,0,0,0.00,0.00,0.00,0.00,0.0,0.0,0.0,0.0,0.0,0.0,0,0,24,3,,,
425,Fredricson,Tyler Fredricson,Man Utd,MUN,DEF,4.0,0.0,u,0,Has joined Lausanne-Sport permanently,0,0.0,0.0,0,0,0,0,0,0,0,0,0,0,0,0,0.00,0.00,0.00,0.00,0.0,0.0,0.0,0.0,0.0,0.0,0,0,0,2,,,
282,Giles,Ryan Giles,Hull City,HUL,DEF,4.0,3.0,a,,,24,1.3,4.8,444,5,0,1,3,4,1,0,0,2,94,24,0.02,0.43,0.45,7.33,82.8,132.5,6.0,22.2,1.3,1.3,0,0,362,408,,3,1
414,Heaton,Tom Heaton,Man Utd,MUN,GKP,4.0,0.1,i,0,Hamstring injury - Unknown return date,0,0.0,0.0,0,0,0,0,0,0,0,0,0,0,0,0,0.00,0.00,0.00,0.00,0.0,0.0,0.0,0.0,0.0,0.0,0,0,5,10,,,
585,Herrington,Lucas Herrington,Hull City,HUL,DEF,4.0,0.6,a,,,5,0.7,1.0,197,1,0,0,0,3,0,0,0,0,19,16,0.02,0.04,0.06,3.36,42.8,23.1,11.0,7.7,0.7,0.7,0,0,22,36,,,
538,Hjelde,Leo Fuhr Hjelde,Sunderland,SUN,DEF,4.0,0.0,u,0,Has joined KV Mechelen on loan for the rest of the season,0,0.0,0.0,0,0,0,0,0,0,0,0,0,0,0,0,0.00,0.00,0.00,0.00,0.0,0.0,0.0,0.0,0.0,0.0,0,0,0,11,,,
283,Jacob,Matty Jacob,Hull City,HUL,DEF,4.0,0.0,u,0,Has joined Newport County on loan until January,0,0.0,0.0,0,0,0,0,0,0,0,0,0,0,0,0,0.00,0.00,0.00,0.00,0.0,0.0,0.0,0.0,0.0,0.0,0,0,0,0,,,
354,Jaros,Vitezslav Jaros,Liverpool,LIV,GKP,4.0,0.0,i,0,Knee injury - Unknown return date,0,0.0,0.0,0,0,0,0,0,0,0,0,0,0,0,0,0.00,0.00,0.00,0.00,0.0,0.0,0.0,0.0,0.0,0.0,0,0,7,3,,,
307,Johnson,Ben Johnson,Ipswich Town,IPS,DEF,4.0,0.1,u,0,Has joined Stoke City on loan for the rest of the season,0,0.0,0.0,0,0,0,0,0,0,0,0,0,0,0,0,0.00,0.00,0.00,0.00,0.0,0.0,0.0,0.0,0.0,0.0,0,0,0,17,,,
174,Kitching,Liam Kitching,Coventry City,COV,DEF,4.0,0.3,u,0,Has joined Sheffield United on loan for the rest of the season,0,0.0,0.0,0,0,0,0,0,0,0,0,0,0,0,0,0.00,0.00,0.00,0.00,0.0,0.0,0.0,0.0,0.0,0.0,0,0,0,72,,,
179,Latibeaudiere,Joel Latibeaudiere,Coventry City,COV,DEF,4.0,0.0,a,,,1,0.3,1.0,1,0,0,0,0,0,0,0,0,0,3,2,0.00,0.00,0.00,0.02,7.0,0.0,0.0,0.7,0.3,0.3,0,0,3,4,,,
251,Lecomte,Benjamin Lecomte,Fulham,FUL,GKP,4.0,1.1,a,,,0,0.0,0.0,0,0,0,0,0,0,0,0,0,0,0,0,0.00,0.00,0.00,0.00,0.0,0.0,0.0,0.0,0.0,0.0,0,0,32,53,,,
363,Leoni,Giovanni Leoni,Liverpool,LIV,DEF,4.0,0.0,i,0,Knee injury - Unknown return date,0,0.0,0.0,0,0,0,0,0,0,0,0,0,0,0,0,0.00,0.00,0.00,0.00,0.0,0.0,0.0,0.0,0.0,0.0,0,0,3,2,,,
603,Lienou,Jayden Lienou,Leeds,LEE,DEF,4.0,0.1,a,,,0,0.0,0.0,0,0,0,0,0,0,0,0,0,0,0,0,0.00,0.00,0.00,0.00,0.0,0.0,0.0,0.0,0.0,0.0,0,0,9,11,,,
276,Lo-Tutala,Thimothée Lo-Tutala,Hull City,HUL,GKP,4.0,0.0,u,0,Has joined Colchester United on loan for the rest of the season,0,0.0,0.0,0,0,0,0,0,0,0,0,0,0,0,0,0.00,0.00,0.00,0.00,0.0,0.0,0.0,0.0,0.0,0.0,0,0,0,0,,,
361,Lucky,Wellity Lucky,Liverpool,LIV,DEF,4.0,0.1,a,,,0,0.0,0.0,0,0,0,0,0,0,0,0,0,0,0,0,0.00,0.00,0.00,0.00,0.0,0.0,0.0,0.0,0.0,0.0,0,0,17,19,,,
540,Masuaku,Arthur Masuaku,Sunderland,SUN,DEF,4.0,0.1,u,0,Has joined Konyaspor permanently,0,0.0,0.0,0,0,0,0,0,0,0,0,0,0,0,0,0.00,0.00,0.00,0.00,0.0,0.0,0.0,0.0,0.0,0.0,0,0,0,16,,,
555,Matthews,Remi Matthews,Crystal Palace,CRY,GKP,4.0,1.7,a,,,0,0.0,0.0,0,0,0,0,0,0,0,0,0,0,0,0,0.00,0.00,0.00,0.00,0.0,0.0,0.0,0.0,0.0,0.0,0,0,23,43,,,
284,McCarthy,Cathal McCarthy,Hull City,HUL,DEF,4.0,0.1,a,,,0,0.0,0.0,0,0,0,0,0,0,0,0,0,0,0,0,0.00,0.00,0.00,0.00,0.0,0.0,0.0,0.0,0.0,0.0,0,0,17,7,,,
285,McNair,Paddy McNair,Hull City,HUL,DEF,4.0,0.1,a,100,,1,0.0,1.0,26,0,0,0,0,0,0,0,0,0,3,2,0.00,0.00,0.00,0.96,4.2,0.0,0.0,0.4,0.0,0.0,0,0,6,14,,,
252,McNally,Alfie McNally,Fulham,FUL,GKP,4.0,0.1,u,0,Has joined York City on loan for the rest of the season,0,0.0,0.0,0,0,0,0,0,0,0,0,0,0,0,0,0.00,0.00,0.00,0.00,0.0,0.0,0.0,0.0,0.0,0.0,0,0,0,15,,,
656,Mfuni,Stephen Mfuni,Coventry City,COV,DEF,4.0,0.1,a,,,6,2.0,6.0,90,1,0,0,1,0,0,0,0,0,27,8,0.00,0.01,0.01,1.10,17.6,0.7,4.0,2.2,2.0,2.0,0,0,54,33,,,
39,Nedeljkovic,Kosta Nedeljkovic,Aston Villa,AVL,DEF,4.0,0.1,u,0,Has joined Rangers on loan for the rest of the season,0,0.0,0.0,0,0,0,0,0,0,0,0,0,0,0,0,0.00,0.00,0.00,0.00,0.0,0.0,0.0,0.0,0.0,0.0,0,0,0,16,,,
638,Norton-Cuffy,Brooke Norton-Cuffy,Hull City,HUL,DEF,4.0,0.2,a,100,,1,0.0,0.5,34,0,0,0,0,0,1,0,0,0,3,1,0.05,0.00,0.05,0.30,2.2,0.6,9.0,1.2,0.0,0.0,0,0,26,38,,,
304,O'Shea,Dara O'Shea,Ipswich Town,IPS,DEF,4.0,2.5,a,,,12,1.7,2.0,536,6,0,0,0,12,0,0,0,0,33,55,0.07,0.27,0.34,10.58,130.0,71.0,21.0,22.1,1.7,1.7,0,0,80,321,,,
476,O.Richards,Omar Richards,Nott'm Forest,NFO,DEF,4.0,0.2,a,,,0,0.0,0.0,0,0,0,0,0,0,0,0,0,0,0,0,0.00,0.00,0.00,0.00,0.0,0.0,0.0,0.0,0.0,0.0,0,0,10,27,,,
592,Ouattara,Abdoul Ouattara,Ipswich Town,IPS,DEF,4.0,0.8,a,,,8,1.7,1.3,217,2,0,0,0,3,0,0,0,0,40,15,0.02,0.08,0.10,4.73,31.6,36.2,9.0,7.6,1.7,1.7,0,0,29,83,,,
301,Palmer,Alex Palmer,Ipswich Town,IPS,GKP,4.0,3.8,a,,,0,0.0,0.0,0,0,0,0,0,0,0,0,0,0,0,0,0.00,0.00,0.00,0.00,0.0,0.0,0.0,0.0,0.0,0.0,0,0,97,240,,,
530,Patterson,Anthony Patterson,Sunderland,SUN,GKP,4.0,0.1,u,0,Has joined Wrexham permanently,0,0.0,0.0,0,0,0,0,0,0,0,0,0,0,0,0,0.00,0.00,0.00,0.00,0.0,0.0,0.0,0.0,0.0,0.0,0,0,0,14,,,
353,Pecsi,Armin Pecsi,Liverpool,LIV,GKP,4.0,0.0,u,0,Has joined TSV Hartberg on loan for the rest of the season,0,0.0,0.0,0,0,0,0,0,0,0,0,0,0,0,0,0.00,0.00,0.00,0.00,0.0,0.0,0.0,0.0,0.0,0.0,0,0,0,0,,,
273,Phillips,Dillon Phillips,Hull City,HUL,GKP,4.0,1.4,a,,,0,0.0,0.0,0,0,0,0,0,0,0,0,0,0,0,0,0.00,0.00,0.00,0.00,0.0,0.0,0.0,0.0,0.0,0.0,0,0,43,62,,,
663,Pivas,Miodrag Pivas,Newcastle,NEW,DEF,4.0,0.0,a,,,0,0.0,0.0,0,0,0,0,0,0,0,0,0,0,0,0,0.00,0.00,0.00,0.00,0.0,0.0,0.0,0.0,0.0,0.0,0,0,15,5,,,
365,Ramsay,Calvin Ramsay,Liverpool,LIV,DEF,4.0,0.1,u,0,Has joined St Mirren on loan for the rest of the season,0,0.0,0.0,0,0,0,0,0,0,0,0,0,0,0,0,0.00,0.00,0.00,0.00,0.0,0.0,0.0,0.0,0.0,0.0,0,0,0,19,,,
606,Rowe,Triston Rowe,Aston Villa,AVL,DEF,4.0,0.2,a,,,0,0.0,0.0,0,0,0,0,0,0,0,0,0,0,0,0,0.00,0.00,0.00,0.00,0.0,0.0,0.0,0.0,0.0,0.0,0,0,18,26,,,
510,Rowswell,James Rowswell,Spurs,TOT,DEF,4.0,0.1,a,,,0,0.0,0.0,0,0,0,0,0,0,0,0,0,0,0,0,0.00,0.00,0.00,0.00,0.0,0.0,0.0,0.0,0.0,0.0,0,0,4,7,,,
609,Shahar,Leo Shahar,Newcastle,NEW,DEF,4.0,0.2,u,0,has joined Arouca on loan for the rest of the seaon.,0,0.0,0.0,0,0,0,0,0,0,0,0,0,0,0,0,0.00,0.00,0.00,0.00,0.0,0.0,0.0,0.0,0.0,0.0,0,0,0,88,,,
66,Soler,Julio Soler Barreto,Bournemouth,BOU,DEF,4.0,0.3,a,100,,1,0.3,1.0,1,0,0,0,0,0,0,0,0,0,3,0,0.00,0.00,0.00,0.00,0.0,0.0,0.0,0.0,0.3,0.3,0,0,27,33,,,
511,Souza,João Victor de Souza Menezes,Spurs,TOT,DEF,4.0,0.2,u,0,Has joined FC Porto on loan for the rest of the season,0,0.0,0.0,0,0,0,0,0,0,0,0,0,0,0,0,0.00,0.00,0.00,0.00,0.0,0.0,0.0,0.0,0.0,0.0,0,0,0,37,,,
111,Steele,Jason Steele,Brighton,BHA,GKP,4.0,4.0,a,,,0,0.0,0.0,0,0,0,0,0,0,0,0,0,0,0,0,0.00,0.00,0.00,0.00,0.0,0.0,0.0,0.0,0.0,0.0,0,0,141,447,,,
556,Targett,Matt Targett,Hull City,HUL,DEF,4.0,1.5,i,0,Ankle injury - Unknown return date,1,0.0,1.0,5,0,0,0,0,0,0,0,0,0,3,0,0.00,0.00,0.00,0.07,0.4,0.0,0.0,0.0,0.0,0.0,0,0,3,670,,,
173,Thomas,Bobby Thomas,Coventry City,COV,DEF,4.0,8.8,a,,,24,3.0,4.8,437,5,0,0,2,9,0,0,0,3,78,52,0.49,0.30,0.79,8.09,94.8,33.7,56.0,18.4,3.0,3.0,0,0,638,790,,,
352,Woodman,Freddie Woodman,Liverpool,LIV,GKP,4.0,1.0,a,,,0,0.0,0.0,0,0,0,0,0,0,0,0,0,0,0,0,0.00,0.00,0.00,0.00,0.0,0.0,0.0,0.0,0.0,0.0,0,0,30,62,,,
667,Wright,James Wright,Aston Villa,AVL,GKP,4.0,0.2,a,,,0,0.0,0.0,0,0,0,0,0,0,0,0,0,0,0,0,0.00,0.00,0.00,0.00,0.0,0.0,0.0,0.0,0.0,0.0,0,0,301,28,,,
629,Zetterer,Michael Zetterer,Leeds,LEE,GKP,4.0,0.7,a,,,0,0.0,0.0,0,0,0,0,0,0,0,0,0,0,0,0,0.00,0.00,0.00,0.00,0.0,0.0,0.0,0.0,0.0,0.0,0,0,120,64,,,
175,van Ewijk,Milan van Ewijk,Coventry City,COV,DEF,4.0,7.7,d,75,Hamstring injury - 75% chance of playing,6,0.0,1.5,360,4,0,0,0,10,1,0,0,0,7,27,0.00,0.30,0.30,7.53,61.6,52.7,14.0,12.8,0.0,0.0,0,0,13,2349,,,
508,Davies,Ben Davies,Spurs,TOT,DEF,3.9,0.9,a,,,0,0.0,0.0,0,0,0,0,0,0,0,0,0,0,0,0,0.00,0.00,0.00,0.00,0.0,0.0,0.0,0.0,0.0,0.0,0,-1,356,163,,,
308,Furlong,Darnell Furlong,Ipswich Town,IPS,DEF,3.9,0.6,a,,,1,0.0,1.0,17,0,0,0,0,1,0,0,0,0,-1,3,0.00,0.00,0.00,0.86,5.0,0.5,0.0,0.6,0.0,0.0,0,-1,82,82,,,
306,Greaves,Jacob Greaves,Ipswich Town,IPS,DEF,3.9,1.1,a,,,3,0.3,0.8,357,4,0,0,0,10,1,0,0,0,12,30,0.00,0.06,0.06,6.74,68.6,16.9,4.0,9.0,0.3,0.3,0,-1,429,124,,,
278,Hughes,Charlie Hughes,Hull City,HUL,DEF,3.9,0.2,i,0,Groin injury - Unknown return date,0,0.0,0.0,0,0,0,0,0,0,0,0,0,0,0,0,0.00,0.00,0.00,0.00,0.0,0.0,0.0,0.0,0.0,0.0,0,-1,21,64,,,
177,Kesler-Hayden,Kaine Kesler-Hayden,Coventry City,COV,DEF,3.9,0.0,d,50,Hamstring injury - 50% chance of playing,0,0.0,0.0,0,0,0,0,0,0,0,0,0,0,0,0,0.00,0.00,0.00,0.00,0.0,0.0,0.0,0.0,0.0,0.0,0,-1,39,17,,,
303,Kipré,Cédric Kipré,Ipswich Town,IPS,DEF,3.9,0.9,a,,,0,0.0,0.0,0,0,0,0,0,0,0,0,0,0,0,0,0.00,0.00,0.00,0.00,0.0,0.0,0.0,0.0,0.0,0.0,0,-1,158,135,,,
539,O'Nien,Luke O'Nien,Sunderland,SUN,DEF,3.9,2.5,a,,,1,0.0,1.0,66,1,0,0,0,1,1,0,0,0,1,5,0.01,0.01,0.02,1.69,11.4,1.4,4.0,1.7,0.0,0.0,0,-1,718,340,,,
180,Woolfenden,Luke Woolfenden,Coventry City,COV,DEF,3.9,0.1,i,0,Knee injury - Unknown return date,0,0.0,0.0,0,0,0,0,0,0,0,0,0,0,0,0,0.00,0.00,0.00,0.00,0.0,0.0,0.0,0.0,0.0,0.0,0,-1,37,30,,,
